Branch Name,Supplier Name,Received At,Inventory Item Name,UOM,Quantity,Cost Per Unit,Batch Number,Expiry Date,Invoice Number,Notes
Victoria Island Main,Premium Spirits Nigeria Ltd,2024-01-05,Hennessy VS,Bottle (70cl),24,32000,HEN-2024-001,,PSN-2024-0001,Initial stock
Lekki Phase 1,Premium Spirits Nigeria Ltd,2024-01-05,Hennessy VS,Bottle (70cl),18,32000,HEN-2024-001,,PSN-2024-0002,
Ikoyi Branch,Premium Spirits Nigeria Ltd,2024-01-05,Hennessy VS,Bottle (70cl),12,32000,HEN-2024-001,,PSN-2024-0003,
Victoria Island Main,Premium Spirits Nigeria Ltd,2024-01-05,Hennessy VSOP,Bottle (70cl),12,62000,HEN-2024-001,,PSN-2024-0004,Initial stock
Lekki Phase 1,Premium Spirits Nigeria Ltd,2024-01-05,Hennessy VSOP,Bottle (70cl),8,62000,HEN-2024-001,,PSN-2024-0005,
Victoria Island Main,Premium Spirits Nigeria Ltd,2024-01-05,Rémy Martin XO,Bottle (70cl),6,185000,RÉM-2024-001,,PSN-2024-0007,Initial stock
Ikoyi Branch,Premium Spirits Nigeria Ltd,2024-01-05,Rémy Martin XO,Bottle (70cl),4,185000,RÉM-2024-001,,PSN-2024-0009,
Victoria Island Main,Premium Spirits Nigeria Ltd,2024-01-05,Johnnie Walker Black Label,Bottle (75cl),24,24000,JOH-2024-001,,PSN-2024-0010,Initial stock
Lekki Phase 1,Premium Spirits Nigeria Ltd,2024-01-05,Johnnie Walker Black Label,Bottle (75cl),18,24000,JOH-2024-001,,PSN-2024-0011,
Ikoyi Branch,Premium Spirits Nigeria Ltd,2024-01-05,Johnnie Walker Black Label,Bottle (75cl),12,24000,JOH-2024-001,,PSN-2024-0012,
Victoria Island Main,Premium Spirits Nigeria Ltd,2024-01-05,Johnnie Walker Blue Label,Bottle (75cl),4,135000,JOH-2024-001,,PSN-2024-0013,Initial stock
Victoria Island Main,Premium Spirits Nigeria Ltd,2024-01-05,Jack Daniel's Tennessee,Bottle (70cl),18,19500,JAC-2024-001,,PSN-2024-0016,Initial stock
Lekki Phase 1,Premium Spirits Nigeria Ltd,2024-01-05,Jack Daniel's Tennessee,Bottle (70cl),12,19500,JAC-2024-001,,PSN-2024-0017,
Ikoyi Branch,Premium Spirits Nigeria Ltd,2024-01-05,Jack Daniel's Tennessee,Bottle (70cl),10,19500,JAC-2024-001,,PSN-2024-0018,
Victoria Island Main,Premium Spirits Nigeria Ltd,2024-01-05,Chivas Regal 12 Years,Bottle (75cl),15,22000,CHI-2024-001,,PSN-2024-0019,Initial stock
Victoria Island Main,Premium Spirits Nigeria Ltd,2024-01-05,Ciroc Vodka,Bottle (75cl),20,27000,CIR-2024-001,,PSN-2024-0022,Initial stock
Lekki Phase 1,Premium Spirits Nigeria Ltd,2024-01-05,Ciroc Vodka,Bottle (75cl),15,27000,CIR-2024-001,,PSN-2024-0023,
Ikoyi Branch,Premium Spirits Nigeria Ltd,2024-01-05,Ciroc Vodka,Bottle (75cl),12,27000,CIR-2024-001,,PSN-2024-0024,
Victoria Island Main,Premium Spirits Nigeria Ltd,2024-01-05,Grey Goose Vodka,Bottle (70cl),12,30000,GRE-2024-001,,PSN-2024-0025,Initial stock
Lekki Phase 1,Premium Spirits Nigeria Ltd,2024-01-05,Grey Goose Vodka,Bottle (70cl),8,30000,GRE-2024-001,,PSN-2024-0026,
Victoria Island Main,Premium Spirits Nigeria Ltd,2024-01-05,Absolut Vodka,Bottle (70cl),24,12500,ABS-2024-001,,PSN-2024-0028,Initial stock
Lekki Phase 1,Premium Spirits Nigeria Ltd,2024-01-05,Absolut Vodka,Bottle (70cl),18,12500,ABS-2024-001,,PSN-2024-0029,
Ikoyi Branch,Premium Spirits Nigeria Ltd,2024-01-05,Absolut Vodka,Bottle (70cl),15,12500,ABS-2024-001,,PSN-2024-0030,
Victoria Island Main,Premium Spirits Nigeria Ltd,2024-01-05,Bombay Sapphire Gin,Bottle (70cl),15,17500,BOM-2024-001,,PSN-2024-0031,Initial stock
Lekki Phase 1,Premium Spirits Nigeria Ltd,2024-01-05,Bombay Sapphire Gin,Bottle (70cl),12,17500,BOM-2024-001,,PSN-2024-0032,
Victoria Island Main,Premium Spirits Nigeria Ltd,2024-01-05,Tanqueray Gin,Bottle (75cl),15,15000,TAN-2024-001,,PSN-2024-0034,Initial stock
Victoria Island Main,Premium Spirits Nigeria Ltd,2024-01-05,Bacardi White Rum,Bottle (75cl),18,10000,BAC-2024-001,,PSN-2024-0037,Initial stock
Lekki Phase 1,Premium Spirits Nigeria Ltd,2024-01-05,Bacardi White Rum,Bottle (75cl),12,10000,BAC-2024-001,,PSN-2024-0038,
Ikoyi Branch,Premium Spirits Nigeria Ltd,2024-01-05,Bacardi White Rum,Bottle (75cl),10,10000,BAC-2024-001,,PSN-2024-0039,
Victoria Island Main,Premium Spirits Nigeria Ltd,2024-01-05,Captain Morgan Spiced Rum,Bottle (70cl),12,12000,CAP-2024-001,,PSN-2024-0040,Initial stock
Victoria Island Main,Premium Spirits Nigeria Ltd,2024-01-05,Patrón Silver Tequila,Bottle (70cl),8,40000,PAT-2024-001,,PSN-2024-0043,Initial stock
Lekki Phase 1,Premium Spirits Nigeria Ltd,2024-01-05,Patrón Silver Tequila,Bottle (70cl),6,40000,PAT-2024-001,,PSN-2024-0044,
Victoria Island Main,Premium Spirits Nigeria Ltd,2024-01-05,Jose Cuervo Gold Tequila,Bottle (70cl),12,15000,JOS-2024-001,,PSN-2024-0046,Initial stock
Victoria Island Main,Premium Spirits Nigeria Ltd,2024-01-05,Moët & Chandon Brut,Bottle (75cl),12,55000,MOË-2024-001,,PSN-2024-0049,Initial stock
Lekki Phase 1,Premium Spirits Nigeria Ltd,2024-01-05,Moët & Chandon Brut,Bottle (75cl),8,55000,MOË-2024-001,,PSN-2024-0050,
Ikoyi Branch,Premium Spirits Nigeria Ltd,2024-01-05,Moët & Chandon Brut,Bottle (75cl),6,55000,MOË-2024-001,,PSN-2024-0051,
Victoria Island Main,Premium Spirits Nigeria Ltd,2024-01-05,Dom Pérignon,Bottle (75cl),4,280000,DOM-2024-001,,PSN-2024-0052,Initial stock
Victoria Island Main,Premium Spirits Nigeria Ltd,2024-01-05,Veuve Clicquot Yellow Label,Bottle (75cl),8,62000,VEU-2024-001,,PSN-2024-0055,Initial stock
Victoria Island Main,Lagos Beverages Distributors,2024-01-06,Heineken Lager,Bottle (33cl),120,850,HEIN-2024-001,2024-12-31,LBD-2024-0001,Initial stock
Lekki Phase 1,Lagos Beverages Distributors,2024-01-06,Heineken Lager,Bottle (33cl),96,850,HEIN-2024-001,2024-12-31,LBD-2024-0002,
Ikoyi Branch,Lagos Beverages Distributors,2024-01-06,Heineken Lager,Bottle (33cl),72,850,HEIN-2024-001,2024-12-31,LBD-2024-0003,
Victoria Island Main,Lagos Beverages Distributors,2024-01-06,Guinness Foreign Extra Stout,Bottle (60cl),120,650,GUIN-2024-001,2025-01-31,LBD-2024-0004,Initial stock
Lekki Phase 1,Lagos Beverages Distributors,2024-01-06,Guinness Foreign Extra Stout,Bottle (60cl),96,650,GUIN-2024-001,2025-01-31,LBD-2024-0005,
Ikoyi Branch,Lagos Beverages Distributors,2024-01-06,Guinness Foreign Extra Stout,Bottle (60cl),72,650,GUIN-2024-001,2025-01-31,LBD-2024-0006,
Victoria Island Main,Lagos Beverages Distributors,2024-01-06,Star Lager,Bottle (60cl),120,450,STAR-2024-001,2024-12-31,LBD-2024-0007,Initial stock
Lekki Phase 1,Lagos Beverages Distributors,2024-01-06,Star Lager,Bottle (60cl),96,450,STAR-2024-001,2024-12-31,LBD-2024-0008,
Ikoyi Branch,Lagos Beverages Distributors,2024-01-06,Star Lager,Bottle (60cl),72,450,STAR-2024-001,2024-12-31,LBD-2024-0009,
Victoria Island Main,Lagos Beverages Distributors,2024-01-06,Trophy Lager,Bottle (60cl),96,400,TROP-2024-001,2024-12-31,LBD-2024-0010,Initial stock
Lekki Phase 1,Lagos Beverages Distributors,2024-01-06,Trophy Lager,Bottle (60cl),72,400,TROP-2024-001,2024-12-31,LBD-2024-0011,
Victoria Island Main,Lagos Beverages Distributors,2024-01-06,Smirnoff Ice,Bottle (30cl),72,1200,SMIR-2024-001,2025-06-30,LBD-2024-0013,Initial stock
Lekki Phase 1,Lagos Beverages Distributors,2024-01-06,Smirnoff Ice,Bottle (30cl),48,1200,SMIR-2024-001,2025-06-30,LBD-2024-0014,
Victoria Island Main,Lagos Beverages Distributors,2024-01-06,Coca-Cola,Bottle (50cl),144,250,COCA-2024-001,2024-12-31,LBD-2024-0016,Initial stock
Lekki Phase 1,Lagos Beverages Distributors,2024-01-06,Coca-Cola,Bottle (50cl),120,250,COCA-2024-001,2024-12-31,LBD-2024-0017,
Ikoyi Branch,Lagos Beverages Distributors,2024-01-06,Coca-Cola,Bottle (50cl),96,250,COCA-2024-001,2024-12-31,LBD-2024-0018,
Victoria Island Main,Lagos Beverages Distributors,2024-01-06,Sprite,Bottle (50cl),120,250,SPRI-2024-001,2024-12-31,LBD-2024-0019,Initial stock
Lekki Phase 1,Lagos Beverages Distributors,2024-01-06,Sprite,Bottle (50cl),96,250,SPRI-2024-001,2024-12-31,LBD-2024-0020,
Ikoyi Branch,Lagos Beverages Distributors,2024-01-06,Sprite,Bottle (50cl),72,250,SPRI-2024-001,2024-12-31,LBD-2024-0021,
Victoria Island Main,Lagos Beverages Distributors,2024-01-06,Fanta Orange,Bottle (50cl),96,250,FANT-2024-001,2024-12-31,LBD-2024-0022,Initial stock
Lekki Phase 1,Lagos Beverages Distributors,2024-01-06,Fanta Orange,Bottle (50cl),72,250,FANT-2024-001,2024-12-31,LBD-2024-0023,
Victoria Island Main,Lagos Beverages Distributors,2024-01-06,Schweppes Tonic Water,Bottle (33cl),96,350,SCHW-2024-001,2025-06-30,LBD-2024-0025,Initial stock
Lekki Phase 1,Lagos Beverages Distributors,2024-01-06,Schweppes Tonic Water,Bottle (33cl),72,350,SCHW-2024-001,2025-06-30,LBD-2024-0026,
Ikoyi Branch,Lagos Beverages Distributors,2024-01-06,Schweppes Tonic Water,Bottle (33cl),48,350,SCHW-2024-001,2025-06-30,LBD-2024-0027,
Victoria Island Main,Lagos Beverages Distributors,2024-01-06,Schweppes Soda Water,Bottle (33cl),96,350,SCHW-2024-001,2025-06-30,LBD-2024-0028,Initial stock
Lekki Phase 1,Lagos Beverages Distributors,2024-01-06,Schweppes Soda Water,Bottle (33cl),72,350,SCHW-2024-001,2025-06-30,LBD-2024-0029,
Victoria Island Main,Lagos Beverages Distributors,2024-01-06,Red Bull Energy Drink,Can (25cl),96,1400,RED -2024-001,2025-12-31,LBD-2024-0031,Initial stock
Lekki Phase 1,Lagos Beverages Distributors,2024-01-06,Red Bull Energy Drink,Can (25cl),72,1400,RED -2024-001,2025-12-31,LBD-2024-0032,
Ikoyi Branch,Lagos Beverages Distributors,2024-01-06,Red Bull Energy Drink,Can (25cl),48,1400,RED -2024-001,2025-12-31,LBD-2024-0033,
Victoria Island Main,Lagos Beverages Distributors,2024-01-06,Monster Energy,Can (50cl),48,1800,MONS-2024-001,2025-12-31,LBD-2024-0034,Initial stock
Victoria Island Main,Lagos Beverages Distributors,2024-01-06,Cranberry Juice,Bottle (1L),24,2400,CRAN-2024-001,2024-09-30,LBD-2024-0037,Initial stock
Lekki Phase 1,Lagos Beverages Distributors,2024-01-06,Cranberry Juice,Bottle (1L),18,2400,CRAN-2024-001,2024-09-30,LBD-2024-0038,
Victoria Island Main,Lagos Beverages Distributors,2024-01-06,Orange Juice,Bottle (1L),24,2000,ORAN-2024-001,2024-06-30,LBD-2024-0040,Initial stock
Lekki Phase 1,Lagos Beverages Distributors,2024-01-06,Orange Juice,Bottle (1L),18,2000,ORAN-2024-001,2024-06-30,LBD-2024-0041,
Ikoyi Branch,Lagos Beverages Distributors,2024-01-06,Orange Juice,Bottle (1L),12,2000,ORAN-2024-001,2024-06-30,LBD-2024-0042,
Victoria Island Main,Lagos Beverages Distributors,2024-01-06,Pineapple Juice,Bottle (1L),24,2000,PINE-2024-001,2024-06-30,LBD-2024-0043,Initial stock
Lekki Phase 1,Lagos Beverages Distributors,2024-01-06,Pineapple Juice,Bottle (1L),18,2000,PINE-2024-001,2024-06-30,LBD-2024-0044,
Victoria Island Main,Lagos Beverages Distributors,2024-01-06,Eva Water,Bottle (75cl),144,150,EVA -2024-001,2025-12-31,LBD-2024-0046,Initial stock
Lekki Phase 1,Lagos Beverages Distributors,2024-01-06,Eva Water,Bottle (75cl),120,150,EVA -2024-001,2025-12-31,LBD-2024-0047,
Ikoyi Branch,Lagos Beverages Distributors,2024-01-06,Eva Water,Bottle (75cl),96,150,EVA -2024-001,2025-12-31,LBD-2024-0048,
Victoria Island Main,AfroLounge Supplies Co,2024-01-07,Premium Shisha Tobacco - Double Apple,Pack (250g),20,5500,PREM-2024-001,2025-12-31,ALS-2024-0001,Initial stock
Lekki Phase 1,AfroLounge Supplies Co,2024-01-07,Premium Shisha Tobacco - Double Apple,Pack (250g),15,5500,PREM-2024-001,2025-12-31,ALS-2024-0002,
Ikoyi Branch,AfroLounge Supplies Co,2024-01-07,Premium Shisha Tobacco - Double Apple,Pack (250g),12,5500,PREM-2024-001,2025-12-31,ALS-2024-0003,
Victoria Island Main,AfroLounge Supplies Co,2024-01-07,Premium Shisha Tobacco - Grape Mint,Pack (250g),18,5500,PREM-2024-001,2025-12-31,ALS-2024-0004,Initial stock
Lekki Phase 1,AfroLounge Supplies Co,2024-01-07,Premium Shisha Tobacco - Grape Mint,Pack (250g),15,5500,PREM-2024-001,2025-12-31,ALS-2024-0005,
Victoria Island Main,AfroLounge Supplies Co,2024-01-07,Shisha Charcoal,Box (96 pcs),30,2200,SHIS-2024-001,,ALS-2024-0007,Initial stock
Lekki Phase 1,AfroLounge Supplies Co,2024-01-07,Shisha Charcoal,Box (96 pcs),25,2200,SHIS-2024-001,,ALS-2024-0008,
Ikoyi Branch,AfroLounge Supplies Co,2024-01-07,Shisha Charcoal,Box (96 pcs),20,2200,SHIS-2024-001,,ALS-2024-0009,
Victoria Island Main,AfroLounge Supplies Co,2024-01-07,Kilishi (Beef Jerky),Pack (100g),40,1800,KILI-2024-001,2024-06-30,ALS-2024-0010,Initial stock
Lekki Phase 1,AfroLounge Supplies Co,2024-01-07,Kilishi (Beef Jerky),Pack (100g),30,1800,KILI-2024-001,2024-06-30,ALS-2024-0011,
Ikoyi Branch,AfroLounge Supplies Co,2024-01-07,Kilishi (Beef Jerky),Pack (100g),25,1800,KILI-2024-001,2024-06-30,ALS-2024-0012,
Victoria Island Main,AfroLounge Supplies Co,2024-01-07,Pringles Original,Can (165g),48,2400,PRIN-2024-001,2024-12-31,ALS-2024-0013,Initial stock
Lekki Phase 1,AfroLounge Supplies Co,2024-01-07,Pringles Original,Can (165g),36,2400,PRIN-2024-001,2024-12-31,ALS-2024-0014,
Ikoyi Branch,AfroLounge Supplies Co,2024-01-07,Pringles Original,Can (165g),24,2400,PRIN-2024-001,2024-12-31,ALS-2024-0015,
Victoria Island Main,AfroLounge Supplies Co,2024-01-07,Mixed Nuts Premium,Pack (200g),30,2800,MIXE-2024-001,2024-09-30,ALS-2024-0016,Initial stock
Lekki Phase 1,AfroLounge Supplies Co,2024-01-07,Mixed Nuts Premium,Pack (200g),24,2800,MIXE-2024-001,2024-09-30,ALS-2024-0017,
Victoria Island Main,AfroLounge Supplies Co,2024-01-07,Chin Chin,Pack (250g),40,900,CHIN-2024-001,2024-06-30,ALS-2024-0019,Initial stock
Lekki Phase 1,AfroLounge Supplies Co,2024-01-07,Chin Chin,Pack (250g),30,900,CHIN-2024-001,2024-06-30,ALS-2024-0020,
Ikoyi Branch,AfroLounge Supplies Co,2024-01-07,Chin Chin,Pack (250g),25,900,CHIN-2024-001,2024-06-30,ALS-2024-0021,
Victoria Island Main,AfroLounge Supplies Co,2024-01-07,Fresh Lime,Piece,100,50,FRES-2024-001,2024-01-21,ALS-2024-0022,Initial stock
Lekki Phase 1,AfroLounge Supplies Co,2024-01-07,Fresh Lime,Piece,80,50,FRES-2024-001,2024-01-21,ALS-2024-0023,
Ikoyi Branch,AfroLounge Supplies Co,2024-01-07,Fresh Lime,Piece,60,50,FRES-2024-001,2024-01-21,ALS-2024-0024,
Victoria Island Main,AfroLounge Supplies Co,2024-01-07,Fresh Lemon,Piece,80,80,FRES-2024-001,2024-01-21,ALS-2024-0025,Initial stock
Lekki Phase 1,AfroLounge Supplies Co,2024-01-07,Fresh Lemon,Piece,60,80,FRES-2024-001,2024-01-21,ALS-2024-0026,
Victoria Island Main,AfroLounge Supplies Co,2024-01-07,Grenadine Syrup,Bottle (75cl),10,3500,GREN-2024-001,2025-12-31,ALS-2024-0028,Initial stock
Lekki Phase 1,AfroLounge Supplies Co,2024-01-07,Grenadine Syrup,Bottle (75cl),8,3500,GREN-2024-001,2025-12-31,ALS-2024-0029,
Victoria Island Main,AfroLounge Supplies Co,2024-01-07,Simple Syrup,Bottle (75cl),12,2200,SIMP-2024-001,2025-06-30,ALS-2024-0031,Initial stock
Lekki Phase 1,AfroLounge Supplies Co,2024-01-07,Simple Syrup,Bottle (75cl),10,2200,SIMP-2024-001,2025-06-30,ALS-2024-0032,
Victoria Island Main,AfroLounge Supplies Co,2024-01-07,Ice Cubes,Bag (5kg),50,800,,,ALS-2024-0034,Initial stock
Lekki Phase 1,AfroLounge Supplies Co,2024-01-07,Ice Cubes,Bag (5kg),40,800,,,ALS-2024-0035,
Ikoyi Branch,AfroLounge Supplies Co,2024-01-07,Ice Cubes,Bag (5kg),30,800,,,ALS-2024-0036,
Victoria Island Main,Lagos Beverages Distributors,2024-01-20,Hennessy VS,Bottle (70cl),12,33000,HVS-LBD-001,,LBD-2024-0100,Different supplier - higher price
Lekki Phase 1,Lagos Beverages Distributors,2024-01-20,Hennessy VS,Bottle (70cl),10,33000,HVS-LBD-001,,LBD-2024-0101,
Ikoyi Branch,AfroLounge Supplies Co,2024-01-20,Hennessy VS,Bottle (70cl),8,34500,HVS-ALS-001,,ALS-2024-0100,Third supplier - highest price
Victoria Island Main,AfroLounge Supplies Co,2024-01-20,Johnnie Walker Black Label,Bottle (75cl),15,25000,JWBL-ALS-001,,ALS-2024-0101,Different supplier - price variance
Lekki Phase 1,AfroLounge Supplies Co,2024-01-20,Johnnie Walker Black Label,Bottle (75cl),12,25000,JWBL-ALS-001,,ALS-2024-0102,
Victoria Island Main,Premium Spirits Nigeria Ltd,2024-02-01,Hennessy VS,Bottle (70cl),24,32500,HEN-2024-002,,PSN-2024-0050,Monthly restock
Lekki Phase 1,Premium Spirits Nigeria Ltd,2024-02-01,Hennessy VS,Bottle (70cl),18,32500,HEN-2024-002,,PSN-2024-0051,
Ikoyi Branch,Premium Spirits Nigeria Ltd,2024-02-01,Hennessy VS,Bottle (70cl),12,32500,HEN-2024-002,,PSN-2024-0052,
Victoria Island Main,Premium Spirits Nigeria Ltd,2024-02-01,Hennessy VSOP,Bottle (70cl),12,63000,HEN-2024-002,,PSN-2024-0053,Monthly restock
Lekki Phase 1,Premium Spirits Nigeria Ltd,2024-02-01,Hennessy VSOP,Bottle (70cl),8,63000,HEN-2024-002,,PSN-2024-0054,
Victoria Island Main,Premium Spirits Nigeria Ltd,2024-02-01,Ciroc Vodka,Bottle (75cl),18,27500,CIR-2024-002,,PSN-2024-0056,Monthly restock
Lekki Phase 1,Premium Spirits Nigeria Ltd,2024-02-01,Ciroc Vodka,Bottle (75cl),15,27500,CIR-2024-002,,PSN-2024-0057,
Ikoyi Branch,Premium Spirits Nigeria Ltd,2024-02-01,Ciroc Vodka,Bottle (75cl),10,27500,CIR-2024-002,,PSN-2024-0058,
Victoria Island Main,Premium Spirits Nigeria Ltd,2024-02-01,Johnnie Walker Black Label,Bottle (75cl),20,24500,JOH-2024-002,,PSN-2024-0059,Monthly restock
Lekki Phase 1,Premium Spirits Nigeria Ltd,2024-02-01,Johnnie Walker Black Label,Bottle (75cl),15,24500,JOH-2024-002,,PSN-2024-0060,
Ikoyi Branch,Premium Spirits Nigeria Ltd,2024-02-01,Johnnie Walker Black Label,Bottle (75cl),12,24500,JOH-2024-002,,PSN-2024-0061,
Victoria Island Main,Premium Spirits Nigeria Ltd,2024-02-01,Moët & Chandon Brut,Bottle (75cl),15,56000,MOË-2024-002,,PSN-2024-0062,Monthly restock
Lekki Phase 1,Premium Spirits Nigeria Ltd,2024-02-01,Moët & Chandon Brut,Bottle (75cl),12,56000,MOË-2024-002,,PSN-2024-0063,
Ikoyi Branch,Premium Spirits Nigeria Ltd,2024-02-01,Moët & Chandon Brut,Bottle (75cl),10,56000,MOË-2024-002,,PSN-2024-0064,
Victoria Island Main,Lagos Beverages Distributors,2024-02-05,Heineken Lager,Bottle (33cl),144,870,HEIN-2024-002,2025-01-31,LBD-2024-0055,Price increase
Lekki Phase 1,Lagos Beverages Distributors,2024-02-05,Heineken Lager,Bottle (33cl),120,870,HEIN-2024-002,2025-01-31,LBD-2024-0056,
Ikoyi Branch,Lagos Beverages Distributors,2024-02-05,Heineken Lager,Bottle (33cl),96,870,HEIN-2024-002,2025-01-31,LBD-2024-0057,
Victoria Island Main,Lagos Beverages Distributors,2024-02-05,Guinness Foreign Extra Stout,Bottle (60cl),120,680,GUIN-2024-002,2025-02-28,LBD-2024-0058,Price increase
Lekki Phase 1,Lagos Beverages Distributors,2024-02-05,Guinness Foreign Extra Stout,Bottle (60cl),96,680,GUIN-2024-002,2025-02-28,LBD-2024-0059,
Ikoyi Branch,Lagos Beverages Distributors,2024-02-05,Guinness Foreign Extra Stout,Bottle (60cl),72,680,GUIN-2024-002,2025-02-28,LBD-2024-0060,
Victoria Island Main,Lagos Beverages Distributors,2024-02-05,Star Lager,Bottle (60cl),120,470,STAR-2024-002,2025-01-31,LBD-2024-0061,Price increase
Lekki Phase 1,Lagos Beverages Distributors,2024-02-05,Star Lager,Bottle (60cl),96,470,STAR-2024-002,2025-01-31,LBD-2024-0062,
Ikoyi Branch,Lagos Beverages Distributors,2024-02-05,Star Lager,Bottle (60cl),72,470,STAR-2024-002,2025-01-31,LBD-2024-0063,
Victoria Island Main,Lagos Beverages Distributors,2024-02-05,Coca-Cola,Bottle (50cl),144,260,COCA-2024-002,2025-01-31,LBD-2024-0064,Price increase
Lekki Phase 1,Lagos Beverages Distributors,2024-02-05,Coca-Cola,Bottle (50cl),120,260,COCA-2024-002,2025-01-31,LBD-2024-0065,
Ikoyi Branch,Lagos Beverages Distributors,2024-02-05,Coca-Cola,Bottle (50cl),96,260,COCA-2024-002,2025-01-31,LBD-2024-0066,
Victoria Island Main,Lagos Beverages Distributors,2024-02-05,Red Bull Energy Drink,Can (25cl),96,1450,RED -2024-002,2026-01-31,LBD-2024-0067,Price increase
Lekki Phase 1,Lagos Beverages Distributors,2024-02-05,Red Bull Energy Drink,Can (25cl),72,1450,RED -2024-002,2026-01-31,LBD-2024-0068,
Ikoyi Branch,Lagos Beverages Distributors,2024-02-05,Red Bull Energy Drink,Can (25cl),48,1450,RED -2024-002,2026-01-31,LBD-2024-0069,
Victoria Island Main,AfroLounge Supplies Co,2024-02-10,Premium Shisha Tobacco - Double Apple,Pack (250g),25,5600,PREM-2024-002,2026-01-31,ALS-2024-0025,Valentine's prep
Lekki Phase 1,AfroLounge Supplies Co,2024-02-10,Premium Shisha Tobacco - Double Apple,Pack (250g),20,5600,PREM-2024-002,2026-01-31,ALS-2024-0026,
Ikoyi Branch,AfroLounge Supplies Co,2024-02-10,Premium Shisha Tobacco - Double Apple,Pack (250g),15,5600,PREM-2024-002,2026-01-31,ALS-2024-0027,
Victoria Island Main,AfroLounge Supplies Co,2024-02-10,Shisha Charcoal,Box (96 pcs),40,2300,SHIS-2024-002,,ALS-2024-0028,Valentine's prep
Lekki Phase 1,AfroLounge Supplies Co,2024-02-10,Shisha Charcoal,Box (96 pcs),30,2300,SHIS-2024-002,,ALS-2024-0029,
Ikoyi Branch,AfroLounge Supplies Co,2024-02-10,Shisha Charcoal,Box (96 pcs),25,2300,SHIS-2024-002,,ALS-2024-0030,
Victoria Island Main,AfroLounge Supplies Co,2024-02-10,Fresh Lime,Piece,150,55,FRES-2024-002,2024-02-24,ALS-2024-0031,Valentine's prep
Lekki Phase 1,AfroLounge Supplies Co,2024-02-10,Fresh Lime,Piece,120,55,FRES-2024-002,2024-02-24,ALS-2024-0032,
Ikoyi Branch,AfroLounge Supplies Co,2024-02-10,Fresh Lime,Piece,100,55,FRES-2024-002,2024-02-24,ALS-2024-0033,
Victoria Island Main,AfroLounge Supplies Co,2024-02-10,Ice Cubes,Bag (5kg),80,850,,,ALS-2024-0034,Valentine's prep
Lekki Phase 1,AfroLounge Supplies Co,2024-02-10,Ice Cubes,Bag (5kg),60,850,,,ALS-2024-0035,
Ikoyi Branch,AfroLounge Supplies Co,2024-02-10,Ice Cubes,Bag (5kg),50,850,,,ALS-2024-0036,
Victoria Island Main,Premium Spirits Nigeria Ltd,2024-02-14,Dom Pérignon,Bottle (75cl),6,285000,DP-2024-002,,PSN-2024-0080,Valentine's special
Lekki Phase 1,Premium Spirits Nigeria Ltd,2024-02-14,Dom Pérignon,Bottle (75cl),4,285000,DP-2024-002,,PSN-2024-0081,
Ikoyi Branch,Premium Spirits Nigeria Ltd,2024-02-14,Dom Pérignon,Bottle (75cl),3,285000,DP-2024-002,,PSN-2024-0082,
Victoria Island Main,Premium Spirits Nigeria Ltd,2024-02-14,Veuve Clicquot Yellow Label,Bottle (75cl),12,63000,VC-2024-002,,PSN-2024-0080,
Lekki Phase 1,Premium Spirits Nigeria Ltd,2024-02-14,Veuve Clicquot Yellow Label,Bottle (75cl),10,63000,VC-2024-002,,PSN-2024-0081,
Victoria Island Main,Premium Spirits Nigeria Ltd,2024-03-01,Hennessy VS,Bottle (70cl),30,33500,HEN-2024-003,,PSN-2024-0100,March restock
Lekki Phase 1,Premium Spirits Nigeria Ltd,2024-03-01,Hennessy VS,Bottle (70cl),24,33500,HEN-2024-003,,PSN-2024-0101,
Ikoyi Branch,Premium Spirits Nigeria Ltd,2024-03-01,Hennessy VS,Bottle (70cl),18,33500,HEN-2024-003,,PSN-2024-0102,
Victoria Island Main,Premium Spirits Nigeria Ltd,2024-03-01,Hennessy VSOP,Bottle (70cl),12,64000,HEN-2024-003,,PSN-2024-0103,March restock
Lekki Phase 1,Premium Spirits Nigeria Ltd,2024-03-01,Hennessy VSOP,Bottle (70cl),8,64000,HEN-2024-003,,PSN-2024-0104,
Victoria Island Main,Premium Spirits Nigeria Ltd,2024-03-01,Rémy Martin XO,Bottle (70cl),6,188000,RÉM-2024-003,,PSN-2024-0106,March restock
Ikoyi Branch,Premium Spirits Nigeria Ltd,2024-03-01,Rémy Martin XO,Bottle (70cl),4,188000,RÉM-2024-003,,PSN-2024-0108,
Victoria Island Main,Premium Spirits Nigeria Ltd,2024-03-01,Johnnie Walker Black Label,Bottle (75cl),24,25000,JOH-2024-003,,PSN-2024-0109,March restock
Lekki Phase 1,Premium Spirits Nigeria Ltd,2024-03-01,Johnnie Walker Black Label,Bottle (75cl),18,25000,JOH-2024-003,,PSN-2024-0110,
Ikoyi Branch,Premium Spirits Nigeria Ltd,2024-03-01,Johnnie Walker Black Label,Bottle (75cl),15,25000,JOH-2024-003,,PSN-2024-0111,
Victoria Island Main,Premium Spirits Nigeria Ltd,2024-03-01,Johnnie Walker Blue Label,Bottle (75cl),6,138000,JOH-2024-003,,PSN-2024-0112,March restock
Lekki Phase 1,Premium Spirits Nigeria Ltd,2024-03-01,Johnnie Walker Blue Label,Bottle (75cl),4,138000,JOH-2024-003,,PSN-2024-0113,
Victoria Island Main,Premium Spirits Nigeria Ltd,2024-03-01,Jack Daniel's Tennessee,Bottle (70cl),18,20000,JAC-2024-003,,PSN-2024-0115,March restock
Lekki Phase 1,Premium Spirits Nigeria Ltd,2024-03-01,Jack Daniel's Tennessee,Bottle (70cl),12,20000,JAC-2024-003,,PSN-2024-0116,
Ikoyi Branch,Premium Spirits Nigeria Ltd,2024-03-01,Jack Daniel's Tennessee,Bottle (70cl),10,20000,JAC-2024-003,,PSN-2024-0117,
Victoria Island Main,Premium Spirits Nigeria Ltd,2024-03-01,Chivas Regal 12 Years,Bottle (75cl),15,22500,CHI-2024-003,,PSN-2024-0118,March restock
Lekki Phase 1,Premium Spirits Nigeria Ltd,2024-03-01,Chivas Regal 12 Years,Bottle (75cl),12,22500,CHI-2024-003,,PSN-2024-0119,
Ikoyi Branch,Premium Spirits Nigeria Ltd,2024-03-01,Chivas Regal 12 Years,Bottle (75cl),10,22500,CHI-2024-003,,PSN-2024-0120,
Victoria Island Main,Premium Spirits Nigeria Ltd,2024-03-01,Ciroc Vodka,Bottle (75cl),20,28000,CIR-2024-003,,PSN-2024-0121,March restock
Lekki Phase 1,Premium Spirits Nigeria Ltd,2024-03-01,Ciroc Vodka,Bottle (75cl),15,28000,CIR-2024-003,,PSN-2024-0122,
Ikoyi Branch,Premium Spirits Nigeria Ltd,2024-03-01,Ciroc Vodka,Bottle (75cl),12,28000,CIR-2024-003,,PSN-2024-0123,
Victoria Island Main,Premium Spirits Nigeria Ltd,2024-03-01,Grey Goose Vodka,Bottle (70cl),15,31000,GRE-2024-003,,PSN-2024-0124,March restock
Lekki Phase 1,Premium Spirits Nigeria Ltd,2024-03-01,Grey Goose Vodka,Bottle (70cl),10,31000,GRE-2024-003,,PSN-2024-0125,
Victoria Island Main,Premium Spirits Nigeria Ltd,2024-03-01,Absolut Vodka,Bottle (70cl),24,13000,ABS-2024-003,,PSN-2024-0127,March restock
Lekki Phase 1,Premium Spirits Nigeria Ltd,2024-03-01,Absolut Vodka,Bottle (70cl),18,13000,ABS-2024-003,,PSN-2024-0128,
Ikoyi Branch,Premium Spirits Nigeria Ltd,2024-03-01,Absolut Vodka,Bottle (70cl),15,13000,ABS-2024-003,,PSN-2024-0129,
Victoria Island Main,Premium Spirits Nigeria Ltd,2024-03-01,Bombay Sapphire Gin,Bottle (70cl),15,18000,BOM-2024-003,,PSN-2024-0130,March restock
Lekki Phase 1,Premium Spirits Nigeria Ltd,2024-03-01,Bombay Sapphire Gin,Bottle (70cl),12,18000,BOM-2024-003,,PSN-2024-0131,
Ikoyi Branch,Premium Spirits Nigeria Ltd,2024-03-01,Bombay Sapphire Gin,Bottle (70cl),10,18000,BOM-2024-003,,PSN-2024-0132,
Victoria Island Main,Premium Spirits Nigeria Ltd,2024-03-01,Tanqueray Gin,Bottle (75cl),15,15500,TAN-2024-003,,PSN-2024-0133,March restock
Lekki Phase 1,Premium Spirits Nigeria Ltd,2024-03-01,Tanqueray Gin,Bottle (75cl),12,15500,TAN-2024-003,,PSN-2024-0134,
Victoria Island Main,Premium Spirits Nigeria Ltd,2024-03-01,Bacardi White Rum,Bottle (75cl),18,10500,BAC-2024-003,,PSN-2024-0136,March restock
Lekki Phase 1,Premium Spirits Nigeria Ltd,2024-03-01,Bacardi White Rum,Bottle (75cl),12,10500,BAC-2024-003,,PSN-2024-0137,
Ikoyi Branch,Premium Spirits Nigeria Ltd,2024-03-01,Bacardi White Rum,Bottle (75cl),10,10500,BAC-2024-003,,PSN-2024-0138,
Victoria Island Main,Premium Spirits Nigeria Ltd,2024-03-01,Captain Morgan Spiced Rum,Bottle (70cl),12,12500,CAP-2024-003,,PSN-2024-0139,March restock
Lekki Phase 1,Premium Spirits Nigeria Ltd,2024-03-01,Captain Morgan Spiced Rum,Bottle (70cl),10,12500,CAP-2024-003,,PSN-2024-0140,
Victoria Island Main,Premium Spirits Nigeria Ltd,2024-03-01,Patrón Silver Tequila,Bottle (70cl),10,41000,PAT-2024-003,,PSN-2024-0142,March restock
Lekki Phase 1,Premium Spirits Nigeria Ltd,2024-03-01,Patrón Silver Tequila,Bottle (70cl),8,41000,PAT-2024-003,,PSN-2024-0143,
Ikoyi Branch,Premium Spirits Nigeria Ltd,2024-03-01,Patrón Silver Tequila,Bottle (70cl),6,41000,PAT-2024-003,,PSN-2024-0144,
Victoria Island Main,Premium Spirits Nigeria Ltd,2024-03-01,Jose Cuervo Gold Tequila,Bottle (70cl),15,15500,JOS-2024-003,,PSN-2024-0145,March restock
Lekki Phase 1,Premium Spirits Nigeria Ltd,2024-03-01,Jose Cuervo Gold Tequila,Bottle (70cl),12,15500,JOS-2024-003,,PSN-2024-0146,
Victoria Island Main,Premium Spirits Nigeria Ltd,2024-03-01,Moët & Chandon Brut,Bottle (75cl),12,57000,MOË-2024-003,,PSN-2024-0148,March restock
Lekki Phase 1,Premium Spirits Nigeria Ltd,2024-03-01,Moët & Chandon Brut,Bottle (75cl),10,57000,MOË-2024-003,,PSN-2024-0149,
Ikoyi Branch,Premium Spirits Nigeria Ltd,2024-03-01,Moët & Chandon Brut,Bottle (75cl),8,57000,MOË-2024-003,,PSN-2024-0150,
Victoria Island Main,Lagos Beverages Distributors,2024-03-05,Heineken Lager,Bottle (33cl),144,880,HEIN-2024-003,2025-02-28,LBD-2024-0100,
Lekki Phase 1,Lagos Beverages Distributors,2024-03-05,Heineken Lager,Bottle (33cl),120,880,HEIN-2024-003,2025-02-28,LBD-2024-0101,
Ikoyi Branch,Lagos Beverages Distributors,2024-03-05,Heineken Lager,Bottle (33cl),96,880,HEIN-2024-003,2025-02-28,LBD-2024-0102,
Victoria Island Main,Lagos Beverages Distributors,2024-03-05,Guinness Foreign Extra Stout,Bottle (60cl),120,700,GUIN-2024-003,2025-03-31,LBD-2024-0103,
Lekki Phase 1,Lagos Beverages Distributors,2024-03-05,Guinness Foreign Extra Stout,Bottle (60cl),96,700,GUIN-2024-003,2025-03-31,LBD-2024-0104,
Ikoyi Branch,Lagos Beverages Distributors,2024-03-05,Guinness Foreign Extra Stout,Bottle (60cl),72,700,GUIN-2024-003,2025-03-31,LBD-2024-0105,
Victoria Island Main,Lagos Beverages Distributors,2024-03-05,Star Lager,Bottle (60cl),120,480,STAR-2024-003,2025-02-28,LBD-2024-0106,
Lekki Phase 1,Lagos Beverages Distributors,2024-03-05,Star Lager,Bottle (60cl),96,480,STAR-2024-003,2025-02-28,LBD-2024-0107,
Ikoyi Branch,Lagos Beverages Distributors,2024-03-05,Star Lager,Bottle (60cl),72,480,STAR-2024-003,2025-02-28,LBD-2024-0108,
Victoria Island Main,Lagos Beverages Distributors,2024-03-05,Trophy Lager,Bottle (60cl),96,420,TROP-2024-003,2025-02-28,LBD-2024-0109,
Lekki Phase 1,Lagos Beverages Distributors,2024-03-05,Trophy Lager,Bottle (60cl),72,420,TROP-2024-003,2025-02-28,LBD-2024-0110,
Ikoyi Branch,Lagos Beverages Distributors,2024-03-05,Trophy Lager,Bottle (60cl),48,420,TROP-2024-003,2025-02-28,LBD-2024-0111,
Victoria Island Main,Lagos Beverages Distributors,2024-03-05,Smirnoff Ice,Bottle (30cl),72,1250,SMIR-2024-003,2025-09-30,LBD-2024-0112,
Lekki Phase 1,Lagos Beverages Distributors,2024-03-05,Smirnoff Ice,Bottle (30cl),48,1250,SMIR-2024-003,2025-09-30,LBD-2024-0113,
Ikoyi Branch,Lagos Beverages Distributors,2024-03-05,Smirnoff Ice,Bottle (30cl),36,1250,SMIR-2024-003,2025-09-30,LBD-2024-0114,
Victoria Island Main,Lagos Beverages Distributors,2024-03-05,Coca-Cola,Bottle (50cl),144,270,COCA-2024-003,2025-02-28,LBD-2024-0115,
Lekki Phase 1,Lagos Beverages Distributors,2024-03-05,Coca-Cola,Bottle (50cl),120,270,COCA-2024-003,2025-02-28,LBD-2024-0116,
Ikoyi Branch,Lagos Beverages Distributors,2024-03-05,Coca-Cola,Bottle (50cl),96,270,COCA-2024-003,2025-02-28,LBD-2024-0117,
Victoria Island Main,Lagos Beverages Distributors,2024-03-05,Sprite,Bottle (50cl),120,270,SPRI-2024-003,2025-02-28,LBD-2024-0118,
Lekki Phase 1,Lagos Beverages Distributors,2024-03-05,Sprite,Bottle (50cl),96,270,SPRI-2024-003,2025-02-28,LBD-2024-0119,
Ikoyi Branch,Lagos Beverages Distributors,2024-03-05,Sprite,Bottle (50cl),72,270,SPRI-2024-003,2025-02-28,LBD-2024-0120,
Victoria Island Main,Lagos Beverages Distributors,2024-03-05,Fanta Orange,Bottle (50cl),96,270,FANT-2024-003,2025-02-28,LBD-2024-0121,
Lekki Phase 1,Lagos Beverages Distributors,2024-03-05,Fanta Orange,Bottle (50cl),72,270,FANT-2024-003,2025-02-28,LBD-2024-0122,
Ikoyi Branch,Lagos Beverages Distributors,2024-03-05,Fanta Orange,Bottle (50cl),48,270,FANT-2024-003,2025-02-28,LBD-2024-0123,
Victoria Island Main,Lagos Beverages Distributors,2024-03-05,Schweppes Tonic Water,Bottle (33cl),96,370,SCHW-2024-003,2025-09-30,LBD-2024-0124,
Lekki Phase 1,Lagos Beverages Distributors,2024-03-05,Schweppes Tonic Water,Bottle (33cl),72,370,SCHW-2024-003,2025-09-30,LBD-2024-0125,
Ikoyi Branch,Lagos Beverages Distributors,2024-03-05,Schweppes Tonic Water,Bottle (33cl),48,370,SCHW-2024-003,2025-09-30,LBD-2024-0126,
Victoria Island Main,Lagos Beverages Distributors,2024-03-05,Schweppes Soda Water,Bottle (33cl),96,370,SCHW-2024-003,2025-09-30,LBD-2024-0127,
Lekki Phase 1,Lagos Beverages Distributors,2024-03-05,Schweppes Soda Water,Bottle (33cl),72,370,SCHW-2024-003,2025-09-30,LBD-2024-0128,
Ikoyi Branch,Lagos Beverages Distributors,2024-03-05,Schweppes Soda Water,Bottle (33cl),48,370,SCHW-2024-003,2025-09-30,LBD-2024-0129,
Victoria Island Main,Lagos Beverages Distributors,2024-03-05,Red Bull Energy Drink,Can (25cl),96,1480,RED -2024-003,2026-02-28,LBD-2024-0130,
Lekki Phase 1,Lagos Beverages Distributors,2024-03-05,Red Bull Energy Drink,Can (25cl),72,1480,RED -2024-003,2026-02-28,LBD-2024-0131,
Ikoyi Branch,Lagos Beverages Distributors,2024-03-05,Red Bull Energy Drink,Can (25cl),48,1480,RED -2024-003,2026-02-28,LBD-2024-0132,
Victoria Island Main,Lagos Beverages Distributors,2024-03-05,Monster Energy,Can (50cl),48,1850,MONS-2024-003,2026-02-28,LBD-2024-0133,
Lekki Phase 1,Lagos Beverages Distributors,2024-03-05,Monster Energy,Can (50cl),36,1850,MONS-2024-003,2026-02-28,LBD-2024-0134,
Ikoyi Branch,Lagos Beverages Distributors,2024-03-05,Monster Energy,Can (50cl),24,1850,MONS-2024-003,2026-02-28,LBD-2024-0135,
Victoria Island Main,Lagos Beverages Distributors,2024-03-05,Cranberry Juice,Bottle (1L),24,2500,CRAN-2024-003,2024-12-31,LBD-2024-0136,
Lekki Phase 1,Lagos Beverages Distributors,2024-03-05,Cranberry Juice,Bottle (1L),18,2500,CRAN-2024-003,2024-12-31,LBD-2024-0137,
Ikoyi Branch,Lagos Beverages Distributors,2024-03-05,Cranberry Juice,Bottle (1L),12,2500,CRAN-2024-003,2024-12-31,LBD-2024-0138,
Victoria Island Main,Lagos Beverages Distributors,2024-03-05,Orange Juice,Bottle (1L),24,2100,ORAN-2024-003,2024-09-30,LBD-2024-0139,
Lekki Phase 1,Lagos Beverages Distributors,2024-03-05,Orange Juice,Bottle (1L),18,2100,ORAN-2024-003,2024-09-30,LBD-2024-0140,
Ikoyi Branch,Lagos Beverages Distributors,2024-03-05,Orange Juice,Bottle (1L),12,2100,ORAN-2024-003,2024-09-30,LBD-2024-0141,
Victoria Island Main,Lagos Beverages Distributors,2024-03-05,Pineapple Juice,Bottle (1L),24,2100,PINE-2024-003,2024-09-30,LBD-2024-0142,
Lekki Phase 1,Lagos Beverages Distributors,2024-03-05,Pineapple Juice,Bottle (1L),18,2100,PINE-2024-003,2024-09-30,LBD-2024-0143,
Ikoyi Branch,Lagos Beverages Distributors,2024-03-05,Pineapple Juice,Bottle (1L),12,2100,PINE-2024-003,2024-09-30,LBD-2024-0144,
Victoria Island Main,Lagos Beverages Distributors,2024-03-05,Eva Water,Bottle (75cl),144,160,EVA -2024-003,2026-02-28,LBD-2024-0145,
Lekki Phase 1,Lagos Beverages Distributors,2024-03-05,Eva Water,Bottle (75cl),120,160,EVA -2024-003,2026-02-28,LBD-2024-0146,
Ikoyi Branch,Lagos Beverages Distributors,2024-03-05,Eva Water,Bottle (75cl),96,160,EVA -2024-003,2026-02-28,LBD-2024-0147,
Victoria Island Main,AfroLounge Supplies Co,2024-03-10,Premium Shisha Tobacco - Double Apple,Pack (250g),20,5700,PREM-2024-003,2026-02-28,ALS-2024-0050,
Lekki Phase 1,AfroLounge Supplies Co,2024-03-10,Premium Shisha Tobacco - Double Apple,Pack (250g),15,5700,PREM-2024-003,2026-02-28,ALS-2024-0051,
Ikoyi Branch,AfroLounge Supplies Co,2024-03-10,Premium Shisha Tobacco - Double Apple,Pack (250g),12,5700,PREM-2024-003,2026-02-28,ALS-2024-0052,
Victoria Island Main,AfroLounge Supplies Co,2024-03-10,Premium Shisha Tobacco - Grape Mint,Pack (250g),18,5700,PREM-2024-003,2026-02-28,ALS-2024-0053,
Lekki Phase 1,AfroLounge Supplies Co,2024-03-10,Premium Shisha Tobacco - Grape Mint,Pack (250g),15,5700,PREM-2024-003,2026-02-28,ALS-2024-0054,
Ikoyi Branch,AfroLounge Supplies Co,2024-03-10,Premium Shisha Tobacco - Grape Mint,Pack (250g),12,5700,PREM-2024-003,2026-02-28,ALS-2024-0055,
Victoria Island Main,AfroLounge Supplies Co,2024-03-10,Shisha Charcoal,Box (96 pcs),35,2350,SHIS-2024-003,,ALS-2024-0056,
Lekki Phase 1,AfroLounge Supplies Co,2024-03-10,Shisha Charcoal,Box (96 pcs),28,2350,SHIS-2024-003,,ALS-2024-0057,
Ikoyi Branch,AfroLounge Supplies Co,2024-03-10,Shisha Charcoal,Box (96 pcs),20,2350,SHIS-2024-003,,ALS-2024-0058,
Victoria Island Main,AfroLounge Supplies Co,2024-03-10,Kilishi (Beef Jerky),Pack (100g),40,1850,KILI-2024-003,2024-09-30,ALS-2024-0059,
Lekki Phase 1,AfroLounge Supplies Co,2024-03-10,Kilishi (Beef Jerky),Pack (100g),30,1850,KILI-2024-003,2024-09-30,ALS-2024-0060,
Ikoyi Branch,AfroLounge Supplies Co,2024-03-10,Kilishi (Beef Jerky),Pack (100g),25,1850,KILI-2024-003,2024-09-30,ALS-2024-0061,
Victoria Island Main,AfroLounge Supplies Co,2024-03-10,Pringles Original,Can (165g),48,2450,PRIN-2024-003,2025-03-31,ALS-2024-0062,
Lekki Phase 1,AfroLounge Supplies Co,2024-03-10,Pringles Original,Can (165g),36,2450,PRIN-2024-003,2025-03-31,ALS-2024-0063,
Ikoyi Branch,AfroLounge Supplies Co,2024-03-10,Pringles Original,Can (165g),24,2450,PRIN-2024-003,2025-03-31,ALS-2024-0064,
Victoria Island Main,AfroLounge Supplies Co,2024-03-10,Mixed Nuts Premium,Pack (200g),30,2900,MIXE-2024-003,2024-12-31,ALS-2024-0065,
Lekki Phase 1,AfroLounge Supplies Co,2024-03-10,Mixed Nuts Premium,Pack (200g),24,2900,MIXE-2024-003,2024-12-31,ALS-2024-0066,
Ikoyi Branch,AfroLounge Supplies Co,2024-03-10,Mixed Nuts Premium,Pack (200g),18,2900,MIXE-2024-003,2024-12-31,ALS-2024-0067,
Victoria Island Main,AfroLounge Supplies Co,2024-03-10,Chin Chin,Pack (250g),40,950,CHIN-2024-003,2024-09-30,ALS-2024-0068,
Lekki Phase 1,AfroLounge Supplies Co,2024-03-10,Chin Chin,Pack (250g),30,950,CHIN-2024-003,2024-09-30,ALS-2024-0069,
Ikoyi Branch,AfroLounge Supplies Co,2024-03-10,Chin Chin,Pack (250g),25,950,CHIN-2024-003,2024-09-30,ALS-2024-0070,
Victoria Island Main,AfroLounge Supplies Co,2024-03-10,Fresh Lime,Piece,100,60,FRES-2024-003,2024-03-24,ALS-2024-0071,
Lekki Phase 1,AfroLounge Supplies Co,2024-03-10,Fresh Lime,Piece,80,60,FRES-2024-003,2024-03-24,ALS-2024-0072,
Ikoyi Branch,AfroLounge Supplies Co,2024-03-10,Fresh Lime,Piece,60,60,FRES-2024-003,2024-03-24,ALS-2024-0073,
Victoria Island Main,AfroLounge Supplies Co,2024-03-10,Fresh Lemon,Piece,80,85,FRES-2024-003,2024-03-24,ALS-2024-0074,
Lekki Phase 1,AfroLounge Supplies Co,2024-03-10,Fresh Lemon,Piece,60,85,FRES-2024-003,2024-03-24,ALS-2024-0075,
Ikoyi Branch,AfroLounge Supplies Co,2024-03-10,Fresh Lemon,Piece,40,85,FRES-2024-003,2024-03-24,ALS-2024-0076,
Victoria Island Main,AfroLounge Supplies Co,2024-03-10,Grenadine Syrup,Bottle (75cl),10,3600,GREN-2024-003,2026-02-28,ALS-2024-0077,
Lekki Phase 1,AfroLounge Supplies Co,2024-03-10,Grenadine Syrup,Bottle (75cl),8,3600,GREN-2024-003,2026-02-28,ALS-2024-0078,
Ikoyi Branch,AfroLounge Supplies Co,2024-03-10,Grenadine Syrup,Bottle (75cl),6,3600,GREN-2024-003,2026-02-28,ALS-2024-0079,
Victoria Island Main,AfroLounge Supplies Co,2024-03-10,Simple Syrup,Bottle (75cl),12,2300,SIMP-2024-003,2025-09-30,ALS-2024-0080,
Lekki Phase 1,AfroLounge Supplies Co,2024-03-10,Simple Syrup,Bottle (75cl),10,2300,SIMP-2024-003,2025-09-30,ALS-2024-0081,
Ikoyi Branch,AfroLounge Supplies Co,2024-03-10,Simple Syrup,Bottle (75cl),8,2300,SIMP-2024-003,2025-09-30,ALS-2024-0082,
Victoria Island Main,AfroLounge Supplies Co,2024-03-10,Ice Cubes,Bag (5kg),60,900,,,ALS-2024-0083,
Lekki Phase 1,AfroLounge Supplies Co,2024-03-10,Ice Cubes,Bag (5kg),50,900,,,ALS-2024-0084,
Ikoyi Branch,AfroLounge Supplies Co,2024-03-10,Ice Cubes,Bag (5kg),40,900,,,ALS-2024-0085,
Victoria Island Main,AfroLounge Supplies Co,2024-03-18,Coca-Cola,Bottle (50cl),72,285,COKE-ALS-001,2025-03-31,ALS-2024-0600,Emergency - higher price
Lekki Phase 1,AfroLounge Supplies Co,2024-03-18,Coca-Cola,Bottle (50cl),48,285,COKE-ALS-001,2025-03-31,ALS-2024-0601,
Victoria Island Main,Premium Spirits Nigeria Ltd,2024-03-20,Red Bull Energy Drink,Can (25cl),96,1520,RB-PSN-001,2026-03-31,PSN-2024-0200,Premium channel
Lekki Phase 1,Premium Spirits Nigeria Ltd,2024-03-20,Red Bull Energy Drink,Can (25cl),72,1520,RB-PSN-001,2026-03-31,PSN-2024-0201,
Ikoyi Branch,Premium Spirits Nigeria Ltd,2024-03-20,Red Bull Energy Drink,Can (25cl),48,1520,RB-PSN-001,2026-03-31,PSN-2024-0202,
Victoria Island Main,AfroLounge Supplies Co,2024-03-22,Premium Shisha Tobacco - Double Apple,Pack (250g),25,5800,SHDA-2024-004,2026-03-31,ALS-2024-0700,Weekend event
Lekki Phase 1,AfroLounge Supplies Co,2024-03-22,Premium Shisha Tobacco - Double Apple,Pack (250g),20,5800,SHDA-2024-004,2026-03-31,ALS-2024-0701,
Ikoyi Branch,AfroLounge Supplies Co,2024-03-22,Premium Shisha Tobacco - Double Apple,Pack (250g),15,5800,SHDA-2024-004,2026-03-31,ALS-2024-0702,
Victoria Island Main,AfroLounge Supplies Co,2024-03-22,Ice Cubes,Bag (5kg),100,950,,,ALS-2024-0700,Weekend event
Lekki Phase 1,AfroLounge Supplies Co,2024-03-22,Ice Cubes,Bag (5kg),80,950,,,ALS-2024-0701,
Ikoyi Branch,AfroLounge Supplies Co,2024-03-22,Ice Cubes,Bag (5kg),60,950,,,ALS-2024-0702,
Victoria Island Main,Premium Spirits Nigeria Ltd,2024-03-25,Hennessy VS,Bottle (70cl),30,34000,HVS-2024-004,,PSN-2024-0250,Weekend rush
Lekki Phase 1,Premium Spirits Nigeria Ltd,2024-03-25,Hennessy VS,Bottle (70cl),24,34000,HVS-2024-004,,PSN-2024-0251,
Ikoyi Branch,Premium Spirits Nigeria Ltd,2024-03-25,Hennessy VS,Bottle (70cl),18,34000,HVS-2024-004,,PSN-2024-0252,
Victoria Island Main,Premium Spirits Nigeria Ltd,2024-03-25,Ciroc Vodka,Bottle (75cl),24,28500,CIR-2024-004,,PSN-2024-0250,
Lekki Phase 1,Premium Spirits Nigeria Ltd,2024-03-25,Ciroc Vodka,Bottle (75cl),18,28500,CIR-2024-004,,PSN-2024-0251,
Ikoyi Branch,Premium Spirits Nigeria Ltd,2024-03-25,Ciroc Vodka,Bottle (75cl),12,28500,CIR-2024-004,,PSN-2024-0252,
