Branch Name,Supplier Name,Received At,Inventory Item Name,Quantity,Cost Per Unit,Batch Number,Expiry Date,Invoice Number,Notes
Victoria Island,Continental Foods & Supplies,2024-01-01,Bottled Water 1.5L,147,306,,2025-05-01,INV-CON-00066,Event stock up
Lekki,Metro Wholesale Company,2024-01-03,Johnnie Walker Red Label 750ml,7,9919,BTH2024010044,2027-09-03,INV-MET-00055,Weekend preparation
Lekki,Premium Drinks Nigeria Ltd,2024-01-03,Fanta Orange 350ml,51,360,,2025-01-03,INV-PRE-00212,VIP event supplies
Lekki,Galaxy Beverages Distributors,2024-01-03,Johnnie Walker Red Label 750ml,18,12209,BTH2024010283,2027-02-03,INV-GAL-00330,Event stock up
Victoria Island,Metro Wholesale Company,2024-01-04,Sprite 350ml,114,361,BTH2024010341,2025-04-04,INV-MET-00396,Emergency restock
Victoria Island,Premium Drinks Nigeria Ltd,2024-01-05,Star Lager Beer 600ml,97,615,BTH2024010055,2024-12-05,INV-PRE-00069,
Lekki,Continental Foods & Supplies,2024-01-05,Bombay Sapphire Gin 750ml,19,16233,BTH2024010349,2028-11-05,,Event stock up
Lekki,Continental Foods & Supplies,2024-01-06,Veuve Clicquot Champagne 750ml,6,63095,BTH2024010081,2027-03-06,,Weekend preparation
Lekki,Premium Drinks Nigeria Ltd,2024-01-08,Drinking Straws Pack 100,21,670,BTH2024010096,,INV-PRE-00119,
Victoria Island,Premium Drinks Nigeria Ltd,2024-01-08,Corona Beer 330ml,117,1277,,2024-08-08,INV-PRE-00218,Regular restock
Victoria Island,Galaxy Beverages Distributors,2024-01-08,Veuve Clicquot Champagne 750ml,11,56208,BTH2024010305,2028-08-08,,
Lekki,Continental Foods & Supplies,2024-01-09,Chivas Regal 12 Year 750ml,14,18949,,2027-09-09,INV-CON-00126,VIP event supplies
Lekki,Premium Drinks Nigeria Ltd,2024-01-10,Bacardi White Rum 750ml,5,10832,BTH2024010062,2027-09-10,INV-PRE-00076,Promotional stock
Victoria Island,Metro Wholesale Company,2024-01-10,Cocktail Napkins Pack,27,1076,BTH2024010318,,,Weekend preparation
Victoria Island,Galaxy Beverages Distributors,2024-01-11,Smirnoff Vodka 750ml,3,8169,BTH2024010221,2028-10-11,INV-GAL-00267,
Lekki,Metro Wholesale Company,2024-01-11,Monster Energy Drink 500ml,8,1516,BTH2024010314,2025-09-11,INV-MET-00365,Weekend preparation
Lekki,Continental Foods & Supplies,2024-01-13,Red Bull Energy Drink 250ml,19,1371,,2025-01-13,,
Lekki,Premium Drinks Nigeria Ltd,2024-01-14,Cocktail Napkins Pack,25,1053,,,INV-PRE-00226,Emergency restock
Victoria Island,Premium Drinks Nigeria Ltd,2024-01-14,Red Bull Energy Drink 250ml,16,1426,,2025-05-14,,Event stock up
Victoria Island,Continental Foods & Supplies,2024-01-15,Smirnoff Vodka 750ml,4,7440,,2028-12-15,INV-CON-00369,VIP event supplies
Lekki,Continental Foods & Supplies,2024-01-17,Bombay Sapphire Gin 750ml,19,20121,BTH2024010026,2028-05-17,INV-CON-00031,Monthly bulk order
Lekki,Continental Foods & Supplies,2024-01-18,Schweppes Soda Water 330ml,8,477,BTH2024010037,2025-04-18,,
Lekki,Continental Foods & Supplies,2024-01-18,Cocktail Napkins Pack,22,1086,,,INV-CON-00247,Holiday preparation
Victoria Island,Continental Foods & Supplies,2024-01-19,Guinness Stout 330ml,101,1007,,2024-10-19,INV-CON-00163,VIP event supplies
Victoria Island,Continental Foods & Supplies,2024-01-20,Jack Daniels 750ml,6,14931,BTH2024010070,2028-09-20,INV-CON-00086,
Victoria Island,Premium Drinks Nigeria Ltd,2024-01-20,Cranberry Juice 1L,9,2230,BTH2024010076,2024-11-20,INV-PRE-00096,
Lekki,Continental Foods & Supplies,2024-01-20,Johnnie Walker Red Label 750ml,20,9946,,2028-02-20,,Promotional stock
Victoria Island,Galaxy Beverages Distributors,2024-01-20,Star Lager Beer 600ml,30,674,BTH2024010335,2024-10-20,INV-GAL-00390,
Victoria Island,Premium Drinks Nigeria Ltd,2024-01-21,Jose Cuervo Tequila 750ml,20,15177,BTH2024010280,2027-02-21,INV-PRE-00327,Emergency restock
Lekki,Continental Foods & Supplies,2024-01-22,Jose Cuervo Tequila 750ml,16,16117,BTH2024010153,2028-09-22,INV-CON-00193,
Victoria Island,Metro Wholesale Company,2024-01-22,Guinness Stout 330ml,40,874,,2024-11-22,INV-MET-00194,Emergency restock
Victoria Island,Metro Wholesale Company,2024-01-23,Chivas Regal 12 Year 750ml,18,17282,BTH2024010141,2027-04-23,INV-MET-00182,Emergency restock
Lekki,Premium Drinks Nigeria Ltd,2024-01-23,Captain Morgan Spiced Rum 750ml,6,12547,BTH2024010164,2027-05-23,INV-PRE-00205,Weekend preparation
Victoria Island,Continental Foods & Supplies,2024-01-24,Budweiser Beer 330ml,120,810,BTH2024010030,2024-12-24,,
Victoria Island,Premium Drinks Nigeria Ltd,2024-01-24,Hennessy VS 750ml,6,29182,,2027-06-24,,Regular restock
Victoria Island,Continental Foods & Supplies,2024-01-24,Chivas Regal 12 Year 750ml,16,16255,BTH2024010295,2027-05-24,INV-CON-00342,VIP event supplies
Lekki,Continental Foods & Supplies,2024-01-24,Grey Goose Vodka 750ml,15,26213,BTH2024010316,2027-10-24,INV-CON-00368,
Victoria Island,Continental Foods & Supplies,2024-01-24,Star Lager Beer 600ml,98,577,,2024-08-24,INV-CON-00393,Monthly bulk order
Victoria Island,Galaxy Beverages Distributors,2024-01-25,Schweppes Tonic Water 330ml,14,593,BTH2024010306,2025-03-25,INV-GAL-00355,Holiday preparation
Victoria Island,Continental Foods & Supplies,2024-01-29,Bottled Water 1.5L,197,373,BTH2024010287,2025-03-01,,Promotional stock
Lekki,Continental Foods & Supplies,2024-01-30,Lime Fresh 1kg,23,1513,,,INV-CON-00043,
Lekki,Continental Foods & Supplies,2024-01-30,Ice Cubes 5kg Bag,29,1234,BTH2024010099,,INV-CON-00121,Monthly bulk order
Victoria Island,Premium Drinks Nigeria Ltd,2024-01-31,Schweppes Soda Water 330ml,3,434,BTH2024010092,2025-05-31,INV-PRE-00117,Emergency restock
Lekki,Premium Drinks Nigeria Ltd,2024-01-31,Fanta Orange 350ml,122,368,BTH2024010177,2025-07-01,INV-PRE-00220,Weekend preparation
Lekki,Metro Wholesale Company,2024-02-02,Ice Cubes 5kg Bag,36,1466,BTH2024020330,,INV-MET-00385,
Lekki,Metro Wholesale Company,2024-02-03,Moet Chandon Champagne 750ml,22,47754,BTH2024020040,2027-12-03,INV-MET-00048,
Victoria Island,Metro Wholesale Company,2024-02-04,Smirnoff Vodka 750ml,6,8705,BTH2024020122,2029-01-04,,Weekend preparation
Victoria Island,Premium Drinks Nigeria Ltd,2024-02-05,Johnnie Walker Black Label 750ml,10,20550,BTH2024020038,2027-11-05,INV-PRE-00044,
Victoria Island,Metro Wholesale Company,2024-02-05,Sprite 350ml,117,362,BTH2024020162,2025-11-05,,Weekend preparation
Lekki,Continental Foods & Supplies,2024-02-05,Veuve Clicquot Champagne 750ml,17,65719,BTH2024020229,2027-09-05,INV-CON-00276,Promotional stock
Victoria Island,Continental Foods & Supplies,2024-02-05,Schweppes Tonic Water 330ml,18,442,BTH2024020309,2025-02-05,INV-CON-00359,Regular restock
Victoria Island,Continental Foods & Supplies,2024-02-08,Bottled Water 500ml,65,186,BTH2024020014,2025-06-08,INV-CON-00018,
Victoria Island,Continental Foods & Supplies,2024-02-08,Captain Morgan Spiced Rum 750ml,15,10212,,2028-10-08,INV-CON-00093,
Lekki,Continental Foods & Supplies,2024-02-08,Pineapple Juice 1L,19,1691,BTH2024020182,2024-08-08,INV-CON-00225,
Victoria Island,Metro Wholesale Company,2024-02-09,Cocktail Napkins Pack,31,924,BTH2024020252,,,
Lekki,Galaxy Beverages Distributors,2024-02-09,Hennessy VS 750ml,14,28308,BTH2024020277,2028-08-09,,Event stock up
Victoria Island,Premium Drinks Nigeria Ltd,2024-02-11,Fanta Orange 350ml,84,355,,2025-10-11,INV-PRE-00336,VIP event supplies
Victoria Island,Metro Wholesale Company,2024-02-12,Grey Goose Vodka 750ml,14,29134,BTH2024020010,2027-08-12,,VIP event supplies
Victoria Island,Premium Drinks Nigeria Ltd,2024-02-12,Bacardi White Rum 750ml,18,9404,BTH2024020054,2028-04-12,INV-PRE-00067,Event stock up
Victoria Island,Metro Wholesale Company,2024-02-13,Jack Daniels 750ml,8,16432,BTH2024020117,2028-04-13,INV-MET-00146,Weekend preparation
Lekki,Continental Foods & Supplies,2024-02-14,Coca Cola 350ml,32,314,BTH2024020147,2025-04-14,,Regular restock
Lekki,Continental Foods & Supplies,2024-02-15,Bombay Sapphire Gin 750ml,12,17582,BTH2024020008,2028-11-15,INV-CON-00014,Promotional stock
Victoria Island,Continental Foods & Supplies,2024-02-17,Moet Chandon Champagne 750ml,22,61200,BTH2024020174,2028-06-17,,
Victoria Island,Metro Wholesale Company,2024-02-18,Cranberry Juice 1L,7,2255,BTH2024020094,2024-12-18,INV-MET-00118,Holiday preparation
Victoria Island,Continental Foods & Supplies,2024-02-19,Jose Cuervo Tequila 750ml,18,12720,,2029-01-19,INV-CON-00242,Weekend preparation
Victoria Island,Continental Foods & Supplies,2024-02-20,Johnnie Walker Black Label 750ml,3,17640,BTH2024020017,2028-10-20,INV-CON-00020,Promotional stock
Victoria Island,Metro Wholesale Company,2024-02-20,Drinking Straws Pack 100,25,749,,,INV-MET-00033,Weekend preparation
Victoria Island,Premium Drinks Nigeria Ltd,2024-02-20,Orange Juice 1L,16,1808,BTH2024020332,2024-08-20,INV-PRE-00386,
Victoria Island,Premium Drinks Nigeria Ltd,2024-02-21,Disposable Cups Pack 50,14,1578,BTH2024020148,,INV-PRE-00188,Emergency restock
Lekki,Metro Wholesale Company,2024-02-21,Captain Morgan Spiced Rum 750ml,17,10600,BTH2024020205,2028-07-21,INV-MET-00251,Promotional stock
Victoria Island,Galaxy Beverages Distributors,2024-02-22,Corona Beer 330ml,44,1046,BTH2024020317,2024-09-22,INV-GAL-00370,Weekend preparation
Victoria Island,Continental Foods & Supplies,2024-02-23,Patron Silver Tequila 750ml,15,40780,,2028-06-23,,
Lekki,Continental Foods & Supplies,2024-02-24,Coca Cola 350ml,71,325,BTH2024020063,2025-06-24,INV-CON-00077,Weekend preparation
Victoria Island,Galaxy Beverages Distributors,2024-02-24,Star Lager Beer 600ml,65,678,,2024-09-24,INV-GAL-00406,Weekend preparation
Victoria Island,Galaxy Beverages Distributors,2024-02-26,Johnnie Walker Red Label 750ml,3,10295,BTH2024020155,2027-10-26,INV-GAL-00196,Promotional stock
Victoria Island,Continental Foods & Supplies,2024-02-27,Bottled Water 1.5L,124,348,BTH2024020058,2025-07-27,INV-CON-00072,Holiday preparation
Victoria Island,Metro Wholesale Company,2024-02-28,Monster Energy Drink 500ml,5,1547,,2025-07-28,INV-MET-00087,Holiday preparation
Victoria Island,Premium Drinks Nigeria Ltd,2024-02-29,Red Bull Energy Drink 250ml,21,1337,BTH2024020244,2025-07-29,INV-PRE-00297,VIP event supplies
Victoria Island,Metro Wholesale Company,2024-03-01,Hennessy VS 750ml,15,32714,BTH2024030239,2027-05-01,INV-MET-00290,
Victoria Island,Galaxy Beverages Distributors,2024-03-02,Star Lager Beer 600ml,72,698,,2025-02-02,INV-GAL-00079,
Lekki,Continental Foods & Supplies,2024-03-02,Cranberry Juice 1L,9,2011,BTH2024030240,2024-10-02,INV-CON-00292,Regular restock
Victoria Island,Continental Foods & Supplies,2024-03-02,Absolut Vodka 750ml,11,12170,,2028-04-02,INV-CON-00295,
Victoria Island,Premium Drinks Nigeria Ltd,2024-03-03,Johnnie Walker Red Label 750ml,22,11623,BTH2024030034,2027-09-03,INV-PRE-00041,Holiday preparation
Lekki,Continental Foods & Supplies,2024-03-03,Hennessy VSOP 750ml,21,53658,,2027-06-03,INV-CON-00169,
Victoria Island,Galaxy Beverages Distributors,2024-03-03,Budweiser Beer 330ml,74,834,,2024-12-03,INV-GAL-00356,
Victoria Island,Galaxy Beverages Distributors,2024-03-03,Cocktail Napkins Pack,36,848,,,,Monthly bulk order
Victoria Island,Metro Wholesale Company,2024-03-07,Bacardi White Rum 750ml,22,9450,BTH2024030033,2027-06-07,INV-MET-00040,Monthly bulk order
Lekki,Premium Drinks Nigeria Ltd,2024-03-07,Jack Daniels 750ml,10,17622,,2028-08-07,INV-PRE-00113,
Lekki,Continental Foods & Supplies,2024-03-07,Veuve Clicquot Champagne 750ml,10,58115,,2028-06-07,INV-CON-00280,VIP event supplies
Lekki,Metro Wholesale Company,2024-03-07,Jack Daniels 750ml,19,17152,,2028-08-07,INV-MET-00381,
Victoria Island,Continental Foods & Supplies,2024-03-08,Bacardi White Rum 750ml,21,9373,BTH2024030271,2027-11-08,INV-CON-00322,
Lekki,Galaxy Beverages Distributors,2024-03-09,Absolut Vodka 750ml,12,10493,,2028-07-09,INV-GAL-00001,Regular restock
Victoria Island,Galaxy Beverages Distributors,2024-03-09,Cranberry Juice 1L,21,2166,,2024-09-09,INV-GAL-00004,
Lekki,Metro Wholesale Company,2024-03-09,Johnnie Walker Black Label 750ml,9,18205,BTH2024030053,2029-02-09,,Weekend preparation
Victoria Island,Continental Foods & Supplies,2024-03-09,Absolut Vodka 750ml,5,13262,,2028-05-09,INV-CON-00178,
Victoria Island,Galaxy Beverages Distributors,2024-03-10,Monster Energy Drink 500ml,4,1862,BTH2024030021,2025-07-10,INV-GAL-00024,Regular restock
Victoria Island,Galaxy Beverages Distributors,2024-03-11,Ciroc Vodka 750ml,9,24655,,2028-01-11,INV-GAL-00154,Holiday preparation
Lekki,Galaxy Beverages Distributors,2024-03-12,Fanta Orange 350ml,49,368,,2025-03-12,INV-GAL-00166,Monthly bulk order
Victoria Island,Premium Drinks Nigeria Ltd,2024-03-13,Disposable Cups Pack 50,16,1567,,,,Emergency restock
Victoria Island,Premium Drinks Nigeria Ltd,2024-03-14,Corona Beer 330ml,70,1169,,2025-01-14,INV-PRE-00061,Regular restock
Lekki,Metro Wholesale Company,2024-03-14,Moet Chandon Champagne 750ml,6,51355,BTH2024030272,2028-01-14,,Holiday preparation
Lekki,Galaxy Beverages Distributors,2024-03-15,Pineapple Juice 1L,7,1837,BTH2024030121,2024-09-15,INV-GAL-00152,Holiday preparation
Victoria Island,Galaxy Beverages Distributors,2024-03-15,Jack Daniels 750ml,15,17510,BTH2024030350,2028-09-15,INV-GAL-00404,Promotional stock
Victoria Island,Continental Foods & Supplies,2024-03-16,Smirnoff Vodka 750ml,13,7778,BTH2024030012,2027-09-16,,
Lekki,Galaxy Beverages Distributors,2024-03-16,Bottled Water 500ml,81,215,BTH2024030039,2025-03-16,,Emergency restock
Victoria Island,Metro Wholesale Company,2024-03-17,Coca Cola 350ml,24,350,BTH2024030143,2025-03-17,INV-MET-00185,Emergency restock
Victoria Island,Galaxy Beverages Distributors,2024-03-17,Johnnie Walker Black Label 750ml,8,21620,,2027-11-17,INV-GAL-00227,
Lekki,Continental Foods & Supplies,2024-03-17,Lime Fresh 1kg,21,1646,BTH2024030223,,INV-CON-00268,VIP event supplies
Lekki,Premium Drinks Nigeria Ltd,2024-03-17,Jack Daniels 750ml,8,17312,BTH2024030307,2027-06-17,INV-PRE-00357,
Lekki,Continental Foods & Supplies,2024-03-18,Johnnie Walker Red Label 750ml,6,10816,BTH2024030166,2028-08-18,INV-CON-00206,
Victoria Island,Premium Drinks Nigeria Ltd,2024-03-20,Jack Daniels 750ml,3,17643,,2028-08-20,INV-PRE-00145,Event stock up
Victoria Island,Metro Wholesale Company,2024-03-20,Gordon's Gin 750ml,10,7983,BTH2024030125,2027-06-20,INV-MET-00159,Weekend preparation
Victoria Island,Metro Wholesale Company,2024-03-21,Coca Cola 350ml,111,363,,2025-05-21,INV-MET-00213,VIP event supplies
Victoria Island,Premium Drinks Nigeria Ltd,2024-03-21,Corona Beer 330ml,106,1064,,2024-10-21,,Regular restock
Lekki,Premium Drinks Nigeria Ltd,2024-03-22,Fanta Orange 350ml,27,358,BTH2024030270,2025-09-22,INV-PRE-00321,
Lekki,Premium Drinks Nigeria Ltd,2024-03-25,Patron Silver Tequila 750ml,5,31803,BTH2024030114,2027-11-25,INV-PRE-00142,VIP event supplies
Lekki,Continental Foods & Supplies,2024-03-27,Star Lager Beer 600ml,35,728,BTH2024030027,2024-11-27,INV-CON-00032,Emergency restock
Lekki,Premium Drinks Nigeria Ltd,2024-03-27,Hennessy VS 750ml,4,28413,,2027-05-27,INV-PRE-00103,
Lekki,Continental Foods & Supplies,2024-03-28,Moet Chandon Champagne 750ml,4,59395,BTH2024030066,2028-12-28,INV-CON-00083,
Lekki,Metro Wholesale Company,2024-03-29,Johnnie Walker Black Label 750ml,11,23711,BTH2024030104,2027-12-29,INV-MET-00127,
Lekki,Galaxy Beverages Distributors,2024-03-29,Captain Morgan Spiced Rum 750ml,13,11113,,2028-06-29,,Regular restock
Lekki,Metro Wholesale Company,2024-03-29,Bottled Water 500ml,188,195,BTH2024030218,2025-04-29,,Regular restock
Lekki,Premium Drinks Nigeria Ltd,2024-03-29,Guinness Stout 330ml,28,857,,2024-10-29,INV-PRE-00363,Weekend preparation
Victoria Island,Galaxy Beverages Distributors,2024-03-30,Red Bull Energy Drink 250ml,9,1200,BTH2024030111,2025-12-30,INV-GAL-00135,
Lekki,Metro Wholesale Company,2024-03-31,Chivas Regal 12 Year 750ml,11,16985,BTH2024030211,2028-08-31,INV-MET-00259,Emergency restock
Lekki,Metro Wholesale Company,2024-03-31,Chivas Regal 12 Year 750ml,10,18449,,2028-10-01,INV-MET-00331,Holiday preparation
Victoria Island,Premium Drinks Nigeria Ltd,2024-04-01,Ciroc Vodka 750ml,16,26126,BTH2024040060,2028-01-01,INV-PRE-00074,VIP event supplies
Victoria Island,Galaxy Beverages Distributors,2024-04-01,Smirnoff Vodka 750ml,4,6860,,2029-02-01,,Event stock up
Lekki,Galaxy Beverages Distributors,2024-04-01,Johnnie Walker Black Label 750ml,12,18489,,2027-10-01,INV-GAL-00274,Holiday preparation
Victoria Island,Galaxy Beverages Distributors,2024-04-03,Jack Daniels 750ml,19,13876,,2028-07-03,INV-GAL-00115,Promotional stock
Lekki,Premium Drinks Nigeria Ltd,2024-04-03,Ciroc Vodka 750ml,12,19442,BTH2024040326,2028-04-03,INV-PRE-00379,
Lekki,Premium Drinks Nigeria Ltd,2024-04-04,Heineken Beer 330ml,54,969,BTH2024040118,2025-01-04,INV-PRE-00149,
Victoria Island,Metro Wholesale Company,2024-04-04,Jose Cuervo Tequila 750ml,11,16490,BTH2024040329,2027-11-04,INV-MET-00383,
Victoria Island,Metro Wholesale Company,2024-04-05,Budweiser Beer 330ml,88,859,BTH2024040011,2025-02-05,INV-MET-00016,
Victoria Island,Premium Drinks Nigeria Ltd,2024-04-05,Patron Silver Tequila 750ml,20,34729,BTH2024040133,2028-09-05,INV-PRE-00170,
Victoria Island,Premium Drinks Nigeria Ltd,2024-04-05,Lime Fresh 1kg,27,1684,,,INV-PRE-00332,
Lekki,Continental Foods & Supplies,2024-04-07,Jack Daniels 750ml,22,14942,BTH2024040131,2028-07-07,INV-CON-00167,Holiday preparation
Lekki,Galaxy Beverages Distributors,2024-04-08,Chivas Regal 12 Year 750ml,4,16832,BTH2024040126,2028-08-08,INV-GAL-00160,Regular restock
Victoria Island,Continental Foods & Supplies,2024-04-08,Schweppes Soda Water 330ml,18,409,BTH2024040134,2025-07-08,,Holiday preparation
Victoria Island,Continental Foods & Supplies,2024-04-09,Coca Cola 350ml,56,332,,2025-04-09,INV-CON-00137,
Lekki,Continental Foods & Supplies,2024-04-09,Drinking Straws Pack 100,33,720,BTH2024040124,,INV-CON-00158,Monthly bulk order
Lekki,Galaxy Beverages Distributors,2024-04-10,Guinness Stout 330ml,71,1105,BTH2024040224,2025-02-10,INV-GAL-00270,
Lekki,Metro Wholesale Company,2024-04-11,Bottled Water 500ml,211,174,,2026-01-11,,
Victoria Island,Metro Wholesale Company,2024-04-11,Jack Daniels 750ml,9,14881,BTH2024040213,2028-02-11,,Weekend preparation
Lekki,Metro Wholesale Company,2024-04-12,Ice Cubes 5kg Bag,16,1495,,,,Event stock up
Lekki,Continental Foods & Supplies,2024-04-12,Corona Beer 330ml,93,1161,BTH2024040304,2025-02-12,INV-CON-00353,Monthly bulk order
Lekki,Premium Drinks Nigeria Ltd,2024-04-13,Budweiser Beer 330ml,118,876,BTH2024040197,2025-01-13,INV-PRE-00246,Regular restock
Victoria Island,Continental Foods & Supplies,2024-04-14,Hennessy VS 750ml,13,29245,BTH2024040228,2028-04-14,INV-CON-00275,
Victoria Island,Metro Wholesale Company,2024-04-14,Guinness Stout 330ml,93,1056,BTH2024040344,2025-01-14,,
Victoria Island,Premium Drinks Nigeria Ltd,2024-04-15,Hennessy VS 750ml,5,32683,BTH2024040015,2029-01-15,INV-PRE-00019,Holiday preparation
Lekki,Galaxy Beverages Distributors,2024-04-15,Veuve Clicquot Champagne 750ml,18,68364,BTH2024040090,2028-08-15,,
Victoria Island,Galaxy Beverages Distributors,2024-04-17,Pineapple Juice 1L,15,2183,BTH2024040005,2024-12-17,INV-GAL-00009,VIP event supplies
Lekki,Galaxy Beverages Distributors,2024-04-17,Schweppes Soda Water 330ml,20,386,BTH2024040299,2025-06-17,INV-GAL-00347,Weekend preparation
Lekki,Continental Foods & Supplies,2024-04-18,Coca Cola 350ml,74,294,BTH2024040013,2026-02-18,INV-CON-00017,
Lekki,Premium Drinks Nigeria Ltd,2024-04-18,Monster Energy Drink 500ml,4,1487,BTH2024040199,2025-07-18,INV-PRE-00249,
Victoria Island,Continental Foods & Supplies,2024-04-18,Schweppes Soda Water 330ml,12,440,,2025-09-18,INV-CON-00401,Monthly bulk order
Lekki,Galaxy Beverages Distributors,2024-04-19,Heineken Beer 330ml,83,866,,2025-02-19,INV-GAL-00147,
Lekki,Metro Wholesale Company,2024-04-20,Heineken Beer 330ml,54,1020,BTH2024040321,2025-01-20,INV-MET-00374,
Victoria Island,Continental Foods & Supplies,2024-04-21,Cranberry Juice 1L,3,2188,BTH2024040343,2024-12-21,INV-CON-00397,
Victoria Island,Metro Wholesale Company,2024-04-22,Ice Cubes 5kg Bag,19,1247,,,INV-MET-00217,
Victoria Island,Metro Wholesale Company,2024-04-23,Patron Silver Tequila 750ml,3,32954,BTH2024040018,2028-06-23,INV-MET-00021,Holiday preparation
Victoria Island,Metro Wholesale Company,2024-04-23,Grey Goose Vodka 750ml,3,30484,BTH2024040079,2028-12-23,INV-MET-00099,
Lekki,Premium Drinks Nigeria Ltd,2024-04-23,Schweppes Tonic Water 330ml,16,543,,2025-09-23,INV-PRE-00371,Monthly bulk order
Victoria Island,Continental Foods & Supplies,2024-04-25,Ice Cubes 5kg Bag,32,1282,BTH2024040233,,INV-CON-00279,
Victoria Island,Metro Wholesale Company,2024-04-26,Disposable Cups Pack 50,20,1648,BTH2024040047,,INV-MET-00059,Regular restock
Victoria Island,Premium Drinks Nigeria Ltd,2024-04-26,Orange Juice 1L,16,2062,,2025-02-26,INV-PRE-00285,Holiday preparation
Victoria Island,Galaxy Beverages Distributors,2024-04-27,Bottled Water 1.5L,157,333,BTH2024040048,2026-01-27,INV-GAL-00060,Emergency restock
Victoria Island,Continental Foods & Supplies,2024-04-27,Disposable Cups Pack 50,15,1380,BTH2024040348,,INV-CON-00403,
Lekki,Premium Drinks Nigeria Ltd,2024-04-29,Disposable Cups Pack 50,13,1844,,,,
Lekki,Galaxy Beverages Distributors,2024-04-30,Sprite 350ml,121,304,BTH2024040263,2025-04-30,INV-GAL-00315,Emergency restock
Lekki,Continental Foods & Supplies,2024-05-01,Grey Goose Vodka 750ml,14,24359,,2028-04-01,INV-CON-00081,
Victoria Island,Premium Drinks Nigeria Ltd,2024-05-01,Johnnie Walker Red Label 750ml,7,12409,BTH2024050285,2028-03-01,,Emergency restock
Victoria Island,Continental Foods & Supplies,2024-05-02,Monster Energy Drink 500ml,22,1738,BTH2024050150,2025-05-02,INV-CON-00190,Promotional stock
Lekki,Galaxy Beverages Distributors,2024-05-02,Captain Morgan Spiced Rum 750ml,17,11992,BTH2024050171,2028-10-02,INV-GAL-00211,
Victoria Island,Metro Wholesale Company,2024-05-02,Red Bull Energy Drink 250ml,19,1194,,2025-11-02,INV-MET-00384,Weekend preparation
Lekki,Metro Wholesale Company,2024-05-03,Heineken Beer 330ml,97,879,BTH2024050158,2025-04-03,INV-MET-00199,
Victoria Island,Premium Drinks Nigeria Ltd,2024-05-04,Lime Fresh 1kg,25,1502,,,INV-PRE-00090,Weekend preparation
Victoria Island,Galaxy Beverages Distributors,2024-05-04,Coca Cola 350ml,88,313,BTH2024050310,2025-05-04,INV-GAL-00360,Event stock up
Lekki,Galaxy Beverages Distributors,2024-05-05,Cranberry Juice 1L,17,1988,BTH2024050193,2025-01-05,INV-GAL-00239,Event stock up
Victoria Island,Galaxy Beverages Distributors,2024-05-06,Absolut Vodka 750ml,13,10817,,2028-03-06,INV-GAL-00007,Event stock up
Victoria Island,Premium Drinks Nigeria Ltd,2024-05-06,Lime Fresh 1kg,36,1740,BTH2024050051,,,Weekend preparation
Lekki,Continental Foods & Supplies,2024-05-06,Cranberry Juice 1L,7,1947,BTH2024050180,2025-01-06,INV-CON-00223,
Victoria Island,Galaxy Beverages Distributors,2024-05-07,Ice Cubes 5kg Bag,31,1466,,,,Holiday preparation
Victoria Island,Continental Foods & Supplies,2024-05-08,Coca Cola 350ml,35,369,BTH2024050142,2026-01-08,INV-CON-00183,Holiday preparation
Victoria Island,Premium Drinks Nigeria Ltd,2024-05-11,Jack Daniels 750ml,10,17720,,2028-12-11,INV-PRE-00150,
Lekki,Metro Wholesale Company,2024-05-13,Fanta Orange 350ml,32,290,BTH2024050031,2026-01-13,INV-MET-00038,
Lekki,Galaxy Beverages Distributors,2024-05-13,Bombay Sapphire Gin 750ml,18,15460,,2028-09-13,INV-GAL-00049,Monthly bulk order
Lekki,Premium Drinks Nigeria Ltd,2024-05-13,Grey Goose Vodka 750ml,17,30254,BTH2024050339,2029-02-13,INV-PRE-00394,
Lekki,Continental Foods & Supplies,2024-05-14,Disposable Cups Pack 50,21,1799,,,,Event stock up
Lekki,Metro Wholesale Company,2024-05-20,Sprite 350ml,37,356,BTH2024050300,2026-01-20,INV-MET-00348,Monthly bulk order
Victoria Island,Continental Foods & Supplies,2024-05-20,Chivas Regal 12 Year 750ml,21,20943,BTH2024050337,2027-08-20,INV-CON-00391,
Lekki,Metro Wholesale Company,2024-05-21,Veuve Clicquot Champagne 750ml,8,53366,,2028-02-21,INV-MET-00097,Event stock up
Victoria Island,Metro Wholesale Company,2024-05-21,Fanta Orange 350ml,45,282,,2025-06-21,INV-MET-00228,Monthly bulk order
Victoria Island,Continental Foods & Supplies,2024-05-22,Heineken Beer 330ml,40,890,BTH2024050059,2025-03-22,INV-CON-00073,VIP event supplies
Lekki,Continental Foods & Supplies,2024-05-22,Red Bull Energy Drink 250ml,11,1415,BTH2024050200,2025-10-22,,Emergency restock
Lekki,Continental Foods & Supplies,2024-05-22,Bacardi White Rum 750ml,6,10954,BTH2024050242,2027-07-22,INV-CON-00294,
Victoria Island,Galaxy Beverages Distributors,2024-05-23,Grey Goose Vodka 750ml,6,29190,BTH2024050189,2027-08-23,INV-GAL-00235,Weekend preparation
Lekki,Metro Wholesale Company,2024-05-23,Absolut Vodka 750ml,7,12348,BTH2024050203,2028-03-23,,VIP event supplies
Victoria Island,Galaxy Beverages Distributors,2024-05-23,Budweiser Beer 330ml,41,823,BTH2024050284,2025-03-23,,Regular restock
Victoria Island,Premium Drinks Nigeria Ltd,2024-05-23,Hennessy VSOP 750ml,21,53280,BTH2024050291,2029-04-23,INV-PRE-00339,VIP event supplies
Lekki,Premium Drinks Nigeria Ltd,2024-05-24,Grey Goose Vodka 750ml,13,27065,BTH2024050112,2027-06-24,INV-PRE-00139,Promotional stock
Victoria Island,Premium Drinks Nigeria Ltd,2024-05-24,Drinking Straws Pack 100,31,667,,,INV-PRE-00153,
Lekki,Galaxy Beverages Distributors,2024-05-25,Cocktail Napkins Pack,25,865,BTH2024050103,,INV-GAL-00124,Emergency restock
Lekki,Premium Drinks Nigeria Ltd,2024-05-25,Hennessy VS 750ml,20,31796,BTH2024050106,2029-02-25,INV-PRE-00130,VIP event supplies
Victoria Island,Metro Wholesale Company,2024-05-25,Johnnie Walker Black Label 750ml,9,19960,,2028-04-25,INV-MET-00173,
Victoria Island,Premium Drinks Nigeria Ltd,2024-05-26,Pineapple Juice 1L,7,2083,BTH2024050226,2025-03-26,,Weekend preparation
Victoria Island,Continental Foods & Supplies,2024-05-26,Schweppes Tonic Water 330ml,11,450,BTH2024050328,2025-06-26,INV-CON-00382,Monthly bulk order
Lekki,Galaxy Beverages Distributors,2024-05-27,Patron Silver Tequila 750ml,19,34551,BTH2024050068,2027-08-27,,Event stock up
Lekki,Metro Wholesale Company,2024-05-28,Guinness Stout 330ml,26,874,,2024-12-28,INV-MET-00101,
Lekki,Continental Foods & Supplies,2024-05-29,Veuve Clicquot Champagne 750ml,7,55389,BTH2024050188,2027-05-29,INV-CON-00234,
Victoria Island,Galaxy Beverages Distributors,2024-05-29,Hennessy VS 750ml,8,29552,,2029-03-29,INV-GAL-00310,
Lekki,Metro Wholesale Company,2024-05-31,Cocktail Napkins Pack,29,972,,,INV-MET-00272,Regular restock
Lekki,Galaxy Beverages Distributors,2024-05-31,Veuve Clicquot Champagne 750ml,10,56504,,2028-05-01,INV-GAL-00343,
Victoria Island,Galaxy Beverages Distributors,2024-06-02,Moet Chandon Champagne 750ml,13,63737,BTH2024060042,2028-03-02,INV-GAL-00053,
Lekki,Galaxy Beverages Distributors,2024-06-02,Ciroc Vodka 750ml,14,22064,BTH2024060077,2027-08-02,INV-GAL-00098,
Victoria Island,Continental Foods & Supplies,2024-06-03,Bacardi White Rum 750ml,14,9842,,2028-06-03,INV-CON-00265,
Lekki,Premium Drinks Nigeria Ltd,2024-06-05,Ciroc Vodka 750ml,5,25605,,2029-02-05,INV-PRE-00136,Holiday preparation
Victoria Island,Continental Foods & Supplies,2024-06-06,Hennessy VSOP 750ml,21,52927,BTH2024060208,2028-04-06,INV-CON-00255,Promotional stock
Victoria Island,Metro Wholesale Company,2024-06-09,Jose Cuervo Tequila 750ml,11,14693,,2028-12-09,INV-MET-00157,
Lekki,Continental Foods & Supplies,2024-06-10,Ice Cubes 5kg Bag,12,1173,,,INV-CON-00302,
Victoria Island,Galaxy Beverages Distributors,2024-06-11,Drinking Straws Pack 100,37,694,BTH2024060137,,INV-GAL-00177,
Victoria Island,Galaxy Beverages Distributors,2024-06-11,Moet Chandon Champagne 750ml,3,54787,,2029-04-11,INV-GAL-00333,
Lekki,Continental Foods & Supplies,2024-06-11,Bottled Water 1.5L,160,317,BTH2024060322,2025-09-11,INV-CON-00375,
Lekki,Metro Wholesale Company,2024-06-12,Schweppes Soda Water 330ml,19,464,BTH2024060231,2025-09-12,,Weekend preparation
Lekki,Galaxy Beverages Distributors,2024-06-12,Fanta Orange 350ml,80,315,BTH2024060346,2026-05-12,INV-GAL-00400,Event stock up
Victoria Island,Continental Foods & Supplies,2024-06-13,Bombay Sapphire Gin 750ml,18,17641,BTH2024060256,2028-06-13,INV-CON-00308,
Lekki,Galaxy Beverages Distributors,2024-06-14,Hennessy VS 750ml,5,28892,,2028-11-14,INV-GAL-00047,VIP event supplies
Lekki,Premium Drinks Nigeria Ltd,2024-06-14,Grey Goose Vodka 750ml,17,30107,,2029-04-14,INV-PRE-00291,Weekend preparation
Victoria Island,Metro Wholesale Company,2024-06-14,Moet Chandon Champagne 750ml,9,48217,,2028-09-14,INV-MET-00409,Regular restock
Victoria Island,Metro Wholesale Company,2024-06-15,Orange Juice 1L,22,2093,,2025-04-15,INV-MET-00176,Emergency restock
Victoria Island,Metro Wholesale Company,2024-06-15,Schweppes Soda Water 330ml,17,493,BTH2024060190,2025-10-15,INV-MET-00236,Weekend preparation
Victoria Island,Premium Drinks Nigeria Ltd,2024-06-16,Sprite 350ml,55,328,BTH2024060324,2026-01-16,,
Lekki,Continental Foods & Supplies,2024-06-16,Disposable Cups Pack 50,10,1396,BTH2024060351,,INV-CON-00407,Weekend preparation
Victoria Island,Galaxy Beverages Distributors,2024-06-17,Bacardi White Rum 750ml,12,10135,,2028-04-17,INV-GAL-00006,
Victoria Island,Galaxy Beverages Distributors,2024-06-17,Schweppes Soda Water 330ml,18,491,BTH2024060292,2025-10-17,INV-GAL-00340,
Lekki,Continental Foods & Supplies,2024-06-18,Bottled Water 1.5L,205,355,BTH2024060178,2026-03-18,INV-CON-00221,Monthly bulk order
Lekki,Galaxy Beverages Distributors,2024-06-19,Veuve Clicquot Champagne 750ml,19,64572,BTH2024060206,2028-10-19,INV-GAL-00252,Holiday preparation
Lekki,Galaxy Beverages Distributors,2024-06-19,Patron Silver Tequila 750ml,17,35698,BTH2024060246,2028-01-19,INV-GAL-00299,
Victoria Island,Metro Wholesale Company,2024-06-21,Patron Silver Tequila 750ml,5,32823,,2027-10-21,INV-MET-00029,VIP event supplies
Victoria Island,Continental Foods & Supplies,2024-06-21,Hennessy VSOP 750ml,13,50826,BTH2024060333,2028-09-21,INV-CON-00388,Monthly bulk order
Lekki,Continental Foods & Supplies,2024-06-22,Cranberry Juice 1L,16,1967,BTH2024060159,2025-04-22,INV-CON-00200,Weekend preparation
Victoria Island,Galaxy Beverages Distributors,2024-06-22,Bottled Water 500ml,183,171,BTH2024060201,2025-09-22,,Promotional stock
Lekki,Continental Foods & Supplies,2024-06-22,Chivas Regal 12 Year 750ml,10,17509,BTH2024060323,2027-08-22,INV-CON-00376,VIP event supplies
Lekki,Premium Drinks Nigeria Ltd,2024-06-23,Moet Chandon Champagne 750ml,3,61471,BTH2024060086,2028-05-23,INV-PRE-00110,
Victoria Island,Premium Drinks Nigeria Ltd,2024-06-23,Chivas Regal 12 Year 750ml,11,17101,,2028-02-23,INV-PRE-00254,Holiday preparation
Victoria Island,Galaxy Beverages Distributors,2024-06-24,Bottled Water 500ml,161,195,,2025-10-24,,
Lekki,Continental Foods & Supplies,2024-06-25,Cranberry Juice 1L,16,2589,BTH2024060170,2025-05-25,INV-CON-00210,Holiday preparation
Victoria Island,Continental Foods & Supplies,2024-06-26,Budweiser Beer 330ml,43,763,,2025-03-26,INV-CON-00104,Weekend preparation
Victoria Island,Premium Drinks Nigeria Ltd,2024-06-26,Heineken Beer 330ml,122,1094,BTH2024060296,2025-05-26,INV-PRE-00344,VIP event supplies
Lekki,Metro Wholesale Company,2024-06-27,Bottled Water 500ml,163,181,,2025-12-27,INV-MET-00023,
Victoria Island,Metro Wholesale Company,2024-06-27,Hennessy VS 750ml,11,29194,BTH2024060253,2027-09-27,INV-MET-00304,
Victoria Island,Premium Drinks Nigeria Ltd,2024-06-27,Absolut Vodka 750ml,19,10214,,2029-02-27,INV-PRE-00411,Regular restock
Lekki,Metro Wholesale Company,2024-06-28,Cocktail Napkins Pack,13,1052,BTH2024060123,,INV-MET-00156,Regular restock
Victoria Island,Premium Drinks Nigeria Ltd,2024-06-29,Captain Morgan Spiced Rum 750ml,13,12225,BTH2024060302,2027-07-29,INV-PRE-00351,Emergency restock
Lekki,Galaxy Beverages Distributors,2024-06-30,Bottled Water 500ml,91,170,BTH2024060001,2025-06-30,INV-GAL-00002,Weekend preparation
Victoria Island,Metro Wholesale Company,2024-06-30,Johnnie Walker Red Label 750ml,4,10469,BTH2024060327,2028-01-30,INV-MET-00380,Emergency restock
Lekki,Continental Foods & Supplies,2024-07-01,Sprite 350ml,89,368,,2026-01-01,INV-CON-00283,Promotional stock
Victoria Island,Metro Wholesale Company,2024-07-02,Bacardi White Rum 750ml,12,10796,BTH2024070313,2028-09-02,INV-MET-00364,
Lekki,Metro Wholesale Company,2024-07-03,Ciroc Vodka 750ml,15,20226,BTH2024070025,2028-09-03,,Weekend preparation
Lekki,Galaxy Beverages Distributors,2024-07-03,Grey Goose Vodka 750ml,6,30883,BTH2024070184,2029-06-03,INV-GAL-00230,Event stock up
Victoria Island,Metro Wholesale Company,2024-07-05,Cocktail Napkins Pack,27,853,BTH2024070036,,,Promotional stock
Victoria Island,Continental Foods & Supplies,2024-07-05,Patron Silver Tequila 750ml,19,34782,BTH2024070108,2027-10-05,INV-CON-00132,
Victoria Island,Premium Drinks Nigeria Ltd,2024-07-05,Absolut Vodka 750ml,18,12994,BTH2024070186,2027-11-05,INV-PRE-00232,Monthly bulk order
Lekki,Continental Foods & Supplies,2024-07-05,Grey Goose Vodka 750ml,22,30192,,2028-10-05,INV-CON-00281,VIP event supplies
Victoria Island,Metro Wholesale Company,2024-07-06,Schweppes Soda Water 330ml,10,437,BTH2024070016,2025-12-06,,
Victoria Island,Premium Drinks Nigeria Ltd,2024-07-06,Pineapple Juice 1L,15,2072,BTH2024070331,2025-02-06,,Weekend preparation
Lekki,Premium Drinks Nigeria Ltd,2024-07-08,Sprite 350ml,29,338,BTH2024070003,2025-12-08,INV-PRE-00005,Promotional stock
Victoria Island,Galaxy Beverages Distributors,2024-07-09,Bacardi White Rum 750ml,18,9266,BTH2024070028,2028-06-09,INV-GAL-00034,Regular restock
Victoria Island,Premium Drinks Nigeria Ltd,2024-07-09,Hennessy VSOP 750ml,17,48047,,2029-03-09,INV-PRE-00175,Monthly bulk order
Lekki,Continental Foods & Supplies,2024-07-10,Disposable Cups Pack 50,24,1467,BTH2024070168,,INV-CON-00208,Holiday preparation
Victoria Island,Metro Wholesale Company,2024-07-10,Absolut Vodka 750ml,11,9979,BTH2024070243,2029-01-10,INV-MET-00296,VIP event supplies
Victoria Island,Premium Drinks Nigeria Ltd,2024-07-10,Johnnie Walker Red Label 750ml,22,12619,BTH2024070352,2027-12-10,INV-PRE-00410,Regular restock
Lekki,Metro Wholesale Company,2024-07-11,Bottled Water 1.5L,98,292,BTH2024070029,2025-09-11,INV-MET-00037,
Lekki,Galaxy Beverages Distributors,2024-07-12,Jack Daniels 750ml,13,18182,BTH2024070334,2027-12-12,INV-GAL-00389,
Victoria Island,Metro Wholesale Company,2024-07-14,Bombay Sapphire Gin 750ml,8,19077,BTH2024070041,2028-12-14,INV-MET-00050,
Lekki,Premium Drinks Nigeria Ltd,2024-07-14,Star Lager Beer 600ml,48,668,,2025-01-14,,Promotional stock
Victoria Island,Metro Wholesale Company,2024-07-14,Pineapple Juice 1L,5,1761,BTH2024070169,2025-04-14,,
Victoria Island,Continental Foods & Supplies,2024-07-14,Budweiser Beer 330ml,51,829,BTH2024070259,2025-04-14,INV-CON-00311,Monthly bulk order
Lekki,Galaxy Beverages Distributors,2024-07-14,Star Lager Beer 600ml,100,562,BTH2024070288,2025-06-14,INV-GAL-00335,VIP event supplies
Victoria Island,Premium Drinks Nigeria Ltd,2024-07-15,Red Bull Energy Drink 250ml,5,1167,BTH2024070035,2025-11-15,INV-PRE-00042,Promotional stock
Victoria Island,Continental Foods & Supplies,2024-07-17,Moet Chandon Champagne 750ml,5,62076,BTH2024070052,2028-07-17,INV-CON-00064,
Victoria Island,Premium Drinks Nigeria Ltd,2024-07-18,Moet Chandon Champagne 750ml,8,51846,BTH2024070080,2029-05-18,INV-PRE-00102,Holiday preparation
Victoria Island,Galaxy Beverages Distributors,2024-07-20,Smirnoff Vodka 750ml,20,6865,,2027-10-20,INV-GAL-00095,Weekend preparation
Victoria Island,Galaxy Beverages Distributors,2024-07-20,Hennessy VSOP 750ml,12,47312,,2028-08-20,,Emergency restock
Victoria Island,Continental Foods & Supplies,2024-07-21,Lime Fresh 1kg,14,1548,BTH2024070116,,INV-CON-00144,Holiday preparation
Victoria Island,Premium Drinks Nigeria Ltd,2024-07-22,Gordon's Gin 750ml,13,8677,BTH2024070273,2028-09-22,INV-PRE-00323,Event stock up
Lekki,Galaxy Beverages Distributors,2024-07-22,Star Lager Beer 600ml,29,566,,2025-03-22,INV-GAL-00405,Emergency restock
Lekki,Continental Foods & Supplies,2024-07-23,Lime Fresh 1kg,21,1599,BTH2024070023,,INV-CON-00026,Holiday preparation
Lekki,Continental Foods & Supplies,2024-07-23,Smirnoff Vodka 750ml,11,6696,BTH2024070127,2029-02-23,INV-CON-00161,
Victoria Island,Galaxy Beverages Distributors,2024-07-24,Cocktail Napkins Pack,24,1005,,,INV-GAL-00316,Regular restock
Victoria Island,Galaxy Beverages Distributors,2024-07-25,Coca Cola 350ml,37,279,,2025-09-25,,Emergency restock
Lekki,Continental Foods & Supplies,2024-07-25,Grey Goose Vodka 750ml,19,25838,BTH2024070308,2028-10-25,,
Victoria Island,Premium Drinks Nigeria Ltd,2024-07-26,Ice Cubes 5kg Bag,11,1247,BTH2024070095,,,VIP event supplies
Lekki,Metro Wholesale Company,2024-07-27,Pineapple Juice 1L,17,1781,BTH2024070209,2025-06-27,INV-MET-00256,
Victoria Island,Premium Drinks Nigeria Ltd,2024-07-27,Johnnie Walker Red Label 750ml,8,10453,BTH2024070248,2027-09-27,INV-PRE-00301,Regular restock
Victoria Island,Continental Foods & Supplies,2024-07-29,Captain Morgan Spiced Rum 750ml,12,10275,BTH2024070050,2028-02-29,INV-CON-00063,
Victoria Island,Continental Foods & Supplies,2024-07-29,Budweiser Beer 330ml,82,788,BTH2024070267,2025-01-29,INV-CON-00319,Emergency restock
Lekki,Metro Wholesale Company,2024-07-31,Drinking Straws Pack 100,10,596,,,INV-MET-00052,
Lekki,Galaxy Beverages Distributors,2024-08-01,Coca Cola 350ml,52,321,,2026-03-01,INV-GAL-00377,VIP event supplies
Lekki,Galaxy Beverages Distributors,2024-08-02,Johnnie Walker Red Label 750ml,18,12307,BTH2024080172,2028-09-02,INV-GAL-00215,
Victoria Island,Metro Wholesale Company,2024-08-02,Guinness Stout 330ml,55,877,,2025-06-02,INV-MET-00358,Promotional stock
Victoria Island,Metro Wholesale Company,2024-08-03,Heineken Beer 330ml,112,954,,2025-06-03,INV-MET-00105,Holiday preparation
Victoria Island,Premium Drinks Nigeria Ltd,2024-08-03,Cranberry Juice 1L,9,2384,BTH2024080219,2025-05-03,,VIP event supplies
Lekki,Metro Wholesale Company,2024-08-04,Cranberry Juice 1L,20,2126,BTH2024080105,2025-07-04,INV-MET-00128,
Victoria Island,Continental Foods & Supplies,2024-08-04,Disposable Cups Pack 50,32,1584,BTH2024080312,,INV-CON-00362,Regular restock
Victoria Island,Premium Drinks Nigeria Ltd,2024-08-05,Smirnoff Vodka 750ml,7,7309,BTH2024080149,2028-04-05,INV-PRE-00189,VIP event supplies
Victoria Island,Galaxy Beverages Distributors,2024-08-05,Heineken Beer 330ml,83,828,,2025-06-05,INV-GAL-00349,Holiday preparation
Victoria Island,Metro Wholesale Company,2024-08-06,Ice Cubes 5kg Bag,35,1295,BTH2024080084,,,
Victoria Island,Galaxy Beverages Distributors,2024-08-06,Heineken Beer 330ml,77,992,BTH2024080222,2025-02-06,,VIP event supplies
Lekki,Galaxy Beverages Distributors,2024-08-08,Gordon's Gin 750ml,20,9873,,2027-10-08,INV-GAL-00035,Regular restock
Lekki,Galaxy Beverages Distributors,2024-08-08,Corona Beer 330ml,44,1080,BTH2024080071,2025-05-08,INV-GAL-00088,
Lekki,Continental Foods & Supplies,2024-08-09,Schweppes Tonic Water 330ml,13,482,,2025-10-09,INV-CON-00068,
Lekki,Galaxy Beverages Distributors,2024-08-10,Sprite 350ml,100,348,BTH2024080065,2025-12-10,INV-GAL-00082,Regular restock
Lekki,Galaxy Beverages Distributors,2024-08-10,Schweppes Tonic Water 330ml,18,469,BTH2024080088,2025-09-10,INV-GAL-00112,
Victoria Island,Galaxy Beverages Distributors,2024-08-10,Heineken Beer 330ml,28,849,BTH2024080215,2025-02-10,INV-GAL-00262,
Lekki,Galaxy Beverages Distributors,2024-08-11,Cocktail Napkins Pack,24,911,BTH2024080043,,,Event stock up
Lekki,Galaxy Beverages Distributors,2024-08-11,Ice Cubes 5kg Bag,17,1378,BTH2024080056,,INV-GAL-00070,Weekend preparation
Victoria Island,Metro Wholesale Company,2024-08-12,Captain Morgan Spiced Rum 750ml,10,10602,BTH2024080009,2028-12-12,INV-MET-00015,
Lekki,Continental Foods & Supplies,2024-08-12,Johnnie Walker Red Label 750ml,22,12066,,2027-09-12,INV-CON-00051,VIP event supplies
Lekki,Continental Foods & Supplies,2024-08-13,Hennessy VSOP 750ml,5,55645,BTH2024080136,2028-07-13,INV-CON-00174,Promotional stock
Lekki,Galaxy Beverages Distributors,2024-08-14,Lime Fresh 1kg,31,1671,BTH2024080202,,INV-GAL-00250,Monthly bulk order
Victoria Island,Continental Foods & Supplies,2024-08-16,Bottled Water 1.5L,84,326,,2025-12-16,INV-CON-00172,Emergency restock
Victoria Island,Continental Foods & Supplies,2024-08-18,Red Bull Energy Drink 250ml,22,1493,BTH2024080032,2026-02-18,INV-CON-00039,Event stock up
Lekki,Metro Wholesale Company,2024-08-19,Ciroc Vodka 750ml,12,21537,,2027-08-19,INV-MET-00065,
Lekki,Galaxy Beverages Distributors,2024-08-21,Red Bull Energy Drink 250ml,16,1179,,2025-09-21,INV-GAL-00203,
Lekki,Galaxy Beverages Distributors,2024-08-22,Ice Cubes 5kg Bag,10,1453,BTH2024080156,,INV-GAL-00197,Promotional stock
Lekki,Premium Drinks Nigeria Ltd,2024-08-23,Monster Energy Drink 500ml,9,1766,,2025-12-23,INV-PRE-00013,Promotional stock
Victoria Island,Metro Wholesale Company,2024-08-24,Chivas Regal 12 Year 750ml,22,20527,,2027-10-24,,Event stock up
Lekki,Premium Drinks Nigeria Ltd,2024-08-24,Guinness Stout 330ml,88,971,BTH2024080144,2025-06-24,INV-PRE-00186,Weekend preparation
Victoria Island,Continental Foods & Supplies,2024-08-24,Ciroc Vodka 750ml,12,24841,,2029-05-24,INV-CON-00307,
Victoria Island,Galaxy Beverages Distributors,2024-08-26,Heineken Beer 330ml,90,910,,2025-05-26,,Weekend preparation
Victoria Island,Continental Foods & Supplies,2024-08-26,Lime Fresh 1kg,28,1834,BTH2024080132,,INV-CON-00168,
Lekki,Metro Wholesale Company,2024-08-26,Veuve Clicquot Champagne 750ml,4,65640,BTH2024080194,2028-06-26,INV-MET-00243,VIP event supplies
Victoria Island,Galaxy Beverages Distributors,2024-08-28,Star Lager Beer 600ml,58,741,BTH2024080074,2025-04-28,INV-GAL-00092,Monthly bulk order
Victoria Island,Metro Wholesale Company,2024-08-30,Schweppes Tonic Water 330ml,22,490,,2025-08-30,INV-MET-00108,Regular restock
Victoria Island,Continental Foods & Supplies,2024-08-30,Cocktail Napkins Pack,22,1066,BTH2024080214,,INV-CON-00261,Weekend preparation
Victoria Island,Continental Foods & Supplies,2024-08-31,Monster Energy Drink 500ml,20,1863,BTH2024080115,2026-07-31,INV-CON-00143,Event stock up
Victoria Island,Metro Wholesale Company,2024-08-31,Drinking Straws Pack 100,36,707,BTH2024080258,,,Promotional stock
Lekki,Continental Foods & Supplies,2024-09-03,Corona Beer 330ml,93,1179,,2025-08-03,INV-CON-00027,
Lekki,Galaxy Beverages Distributors,2024-09-03,Bottled Water 500ml,241,205,BTH2024090325,2026-05-03,INV-GAL-00378,
Lekki,Galaxy Beverages Distributors,2024-09-04,Schweppes Soda Water 330ml,15,499,BTH2024090073,2025-12-04,INV-GAL-00091,
Victoria Island,Continental Foods & Supplies,2024-09-04,Coca Cola 350ml,54,356,BTH2024090087,2026-03-04,INV-CON-00111,
Victoria Island,Galaxy Beverages Distributors,2024-09-04,Monster Energy Drink 500ml,21,1840,BTH2024090151,2026-05-04,INV-GAL-00191,Holiday preparation
Lekki,Metro Wholesale Company,2024-09-05,Ice Cubes 5kg Bag,16,1171,BTH2024090107,,INV-MET-00131,Regular restock
Lekki,Galaxy Beverages Distributors,2024-09-05,Ice Cubes 5kg Bag,16,1107,BTH2024090236,,INV-GAL-00287,
Lekki,Metro Wholesale Company,2024-09-05,Monster Energy Drink 500ml,14,1740,BTH2024090261,2026-02-05,INV-MET-00313,Emergency restock
Lekki,Metro Wholesale Company,2024-09-07,Budweiser Beer 330ml,78,796,BTH2024090057,2025-08-07,INV-MET-00071,
Lekki,Galaxy Beverages Distributors,2024-09-07,Drinking Straws Pack 100,10,707,BTH2024090264,,INV-GAL-00317,Holiday preparation
Lekki,Premium Drinks Nigeria Ltd,2024-09-08,Hennessy VS 750ml,3,31158,BTH2024090340,2027-12-08,INV-PRE-00395,
Lekki,Continental Foods & Supplies,2024-09-10,Orange Juice 1L,17,1851,BTH2024090251,2025-05-10,INV-CON-00303,
Lekki,Metro Wholesale Company,2024-09-11,Jack Daniels 750ml,6,16388,BTH2024090045,2028-09-11,,Event stock up
Lekki,Continental Foods & Supplies,2024-09-11,Chivas Regal 12 Year 750ml,20,20843,BTH2024090152,2029-07-11,INV-CON-00192,
Victoria Island,Galaxy Beverages Distributors,2024-09-11,Absolut Vodka 750ml,14,12263,BTH2024090281,2028-10-11,INV-GAL-00328,Holiday preparation
Victoria Island,Galaxy Beverages Distributors,2024-09-13,Heineken Beer 330ml,31,955,BTH2024090064,2025-05-13,INV-GAL-00078,Regular restock
Lekki,Galaxy Beverages Distributors,2024-09-13,Hennessy VS 750ml,9,27977,BTH2024090160,2028-02-13,INV-GAL-00201,
Lekki,Metro Wholesale Company,2024-09-13,Hennessy VS 750ml,6,32275,BTH2024090315,2028-04-13,INV-MET-00366,Monthly bulk order
Lekki,Galaxy Beverages Distributors,2024-09-14,Fanta Orange 350ml,116,348,BTH2024090276,2026-05-14,,
Lekki,Continental Foods & Supplies,2024-09-15,Fanta Orange 350ml,85,362,BTH2024090083,2026-03-15,INV-CON-00107,Regular restock
Lekki,Galaxy Beverages Distributors,2024-09-15,Ciroc Vodka 750ml,13,24289,BTH2024090129,2028-03-15,INV-GAL-00164,Holiday preparation
Victoria Island,Galaxy Beverages Distributors,2024-09-16,Johnnie Walker Red Label 750ml,4,10228,,2028-09-16,INV-GAL-00030,Monthly bulk order
Victoria Island,Galaxy Beverages Distributors,2024-09-16,Orange Juice 1L,14,2118,BTH2024090082,2025-03-16,INV-GAL-00106,VIP event supplies
Victoria Island,Premium Drinks Nigeria Ltd,2024-09-16,Moet Chandon Champagne 750ml,20,58042,,2027-09-16,INV-PRE-00240,VIP event supplies
Victoria Island,Premium Drinks Nigeria Ltd,2024-09-16,Bombay Sapphire Gin 750ml,11,20341,BTH2024090249,2029-03-16,,Weekend preparation
Lekki,Continental Foods & Supplies,2024-09-16,Ciroc Vodka 750ml,12,19515,BTH2024090293,2028-08-16,,Regular restock
Lekki,Galaxy Beverages Distributors,2024-09-17,Corona Beer 330ml,99,1106,,2025-07-17,INV-GAL-00100,Event stock up
Lekki,Metro Wholesale Company,2024-09-17,Absolut Vodka 750ml,20,9945,BTH2024090120,2028-08-17,INV-MET-00151,VIP event supplies
Lekki,Galaxy Beverages Distributors,2024-09-18,Cranberry Juice 1L,5,2260,,2025-05-18,INV-GAL-00094,
Lekki,Premium Drinks Nigeria Ltd,2024-09-18,Absolut Vodka 750ml,3,13001,BTH2024090183,2029-05-18,INV-PRE-00229,VIP event supplies
Victoria Island,Premium Drinks Nigeria Ltd,2024-09-18,Fanta Orange 350ml,51,292,BTH2024090279,2026-03-18,INV-PRE-00326,
Lekki,Continental Foods & Supplies,2024-09-22,Cranberry Juice 1L,13,2326,BTH2024090210,2025-06-22,INV-CON-00257,
Victoria Island,Metro Wholesale Company,2024-09-23,Ciroc Vodka 750ml,21,24793,,2027-11-23,,Holiday preparation
Victoria Island,Continental Foods & Supplies,2024-09-23,Pineapple Juice 1L,18,1786,BTH2024090303,2025-06-23,INV-CON-00352,Promotional stock
Lekki,Metro Wholesale Company,2024-09-25,Lime Fresh 1kg,14,1647,BTH2024090269,,,
Lekki,Metro Wholesale Company,2024-09-26,Red Bull Energy Drink 250ml,12,1335,BTH2024090002,2026-08-26,INV-MET-00003,Monthly bulk order
Lekki,Continental Foods & Supplies,2024-09-26,Johnnie Walker Black Label 750ml,4,22671,,2028-07-26,INV-CON-00080,Emergency restock
Victoria Island,Premium Drinks Nigeria Ltd,2024-09-26,Johnnie Walker Black Label 750ml,21,21162,,2029-04-26,INV-PRE-00214,
Victoria Island,Continental Foods & Supplies,2024-09-28,Johnnie Walker Red Label 750ml,8,12013,,2027-09-28,,Weekend preparation
Lekki,Premium Drinks Nigeria Ltd,2024-09-28,Bacardi White Rum 750ml,14,9068,BTH2024090274,2028-10-28,,
Lekki,Galaxy Beverages Distributors,2024-10-01,Hennessy VS 750ml,19,31644,,2029-01-01,INV-GAL-00011,
Victoria Island,Premium Drinks Nigeria Ltd,2024-10-01,Ice Cubes 5kg Bag,14,1167,,,INV-PRE-00134,Event stock up
Victoria Island,Galaxy Beverages Distributors,2024-10-01,Corona Beer 330ml,91,1238,BTH2024100241,2025-04-01,INV-GAL-00293,Regular restock
Lekki,Metro Wholesale Company,2024-10-03,Fanta Orange 350ml,67,311,,2026-01-03,INV-MET-00057,Weekend preparation
Lekki,Premium Drinks Nigeria Ltd,2024-10-03,Monster Energy Drink 500ml,6,1388,,2025-10-03,INV-PRE-00155,Monthly bulk order
Lekki,Premium Drinks Nigeria Ltd,2024-10-03,Red Bull Energy Drink 250ml,17,1429,BTH2024100255,2026-09-03,INV-PRE-00306,Event stock up
Lekki,Galaxy Beverages Distributors,2024-10-04,Corona Beer 330ml,56,1140,BTH2024100093,2025-04-04,,VIP event supplies
Victoria Island,Metro Wholesale Company,2024-10-04,Cocktail Napkins Pack,14,825,BTH2024100237,,INV-MET-00288,
Victoria Island,Galaxy Beverages Distributors,2024-10-04,Johnnie Walker Red Label 750ml,16,10864,,2028-10-04,,Regular restock
Lekki,Metro Wholesale Company,2024-10-04,Cocktail Napkins Pack,10,896,BTH2024100257,,INV-MET-00309,
Victoria Island,Metro Wholesale Company,2024-10-05,Schweppes Soda Water 330ml,8,440,BTH2024100069,2026-01-05,INV-MET-00085,Monthly bulk order
Victoria Island,Premium Drinks Nigeria Ltd,2024-10-05,Drinking Straws Pack 100,32,662,BTH2024100102,,INV-PRE-00123,Monthly bulk order
Victoria Island,Galaxy Beverages Distributors,2024-10-05,Cocktail Napkins Pack,13,877,,,INV-GAL-00138,Emergency restock
Victoria Island,Continental Foods & Supplies,2024-10-06,Fanta Orange 350ml,35,344,,2026-06-06,INV-CON-00028,Holiday preparation
Lekki,Continental Foods & Supplies,2024-10-06,Disposable Cups Pack 50,25,1785,BTH2024100245,,INV-CON-00298,
Victoria Island,Galaxy Beverages Distributors,2024-10-07,Smirnoff Vodka 750ml,9,8805,BTH2024100135,2029-06-07,,Event stock up
Victoria Island,Metro Wholesale Company,2024-10-07,Gordon's Gin 750ml,18,9919,BTH2024100319,2027-10-07,INV-MET-00372,Emergency restock
Victoria Island,Metro Wholesale Company,2024-10-08,Orange Juice 1L,6,1895,BTH2024100006,2025-05-08,INV-MET-00010,Weekend preparation
Victoria Island,Metro Wholesale Company,2024-10-08,Bottled Water 1.5L,184,367,,2026-02-08,INV-MET-00284,VIP event supplies
Lekki,Premium Drinks Nigeria Ltd,2024-10-08,Schweppes Tonic Water 330ml,14,561,BTH2024100254,2025-11-08,INV-PRE-00305,
Victoria Island,Metro Wholesale Company,2024-10-08,Gordon's Gin 750ml,15,9509,BTH2024100320,2028-12-08,INV-MET-00373,
Lekki,Premium Drinks Nigeria Ltd,2024-10-09,Absolut Vodka 750ml,9,11555,BTH2024100020,2028-09-09,INV-PRE-00022,Holiday preparation
Lekki,Continental Foods & Supplies,2024-10-10,Schweppes Tonic Water 330ml,12,526,BTH2024100275,2026-03-10,INV-CON-00324,Monthly bulk order
Lekki,Metro Wholesale Company,2024-10-12,Fanta Orange 350ml,46,313,BTH2024100007,2026-08-12,INV-MET-00012,Monthly bulk order
Lekki,Metro Wholesale Company,2024-10-12,Schweppes Tonic Water 330ml,21,478,,2025-11-12,INV-MET-00125,Holiday preparation
Lekki,Metro Wholesale Company,2024-10-12,Coca Cola 350ml,98,321,BTH2024100119,2026-05-12,,VIP event supplies
Victoria Island,Galaxy Beverages Distributors,2024-10-13,Hennessy VSOP 750ml,13,45506,BTH2024100089,2028-08-13,INV-GAL-00114,Emergency restock
Victoria Island,Galaxy Beverages Distributors,2024-10-13,Fanta Orange 350ml,82,367,BTH2024100091,2026-05-13,INV-GAL-00116,Monthly bulk order
Victoria Island,Metro Wholesale Company,2024-10-15,Patron Silver Tequila 750ml,8,39200,BTH2024100204,2028-02-15,,Regular restock
Victoria Island,Metro Wholesale Company,2024-10-16,Johnnie Walker Black Label 750ml,16,19977,BTH2024100262,2028-10-16,INV-MET-00314,
Victoria Island,Metro Wholesale Company,2024-10-17,Cranberry Juice 1L,8,2225,,2025-07-17,INV-MET-00036,Promotional stock
Lekki,Premium Drinks Nigeria Ltd,2024-10-17,Cranberry Juice 1L,4,2333,,2025-05-17,,
Lekki,Galaxy Beverages Distributors,2024-10-17,Hennessy VS 750ml,11,29409,,2029-05-17,,Emergency restock
Lekki,Continental Foods & Supplies,2024-10-17,Captain Morgan Spiced Rum 750ml,22,10218,BTH2024100338,2029-06-17,INV-CON-00392,Promotional stock
Lekki,Metro Wholesale Company,2024-10-18,Ice Cubes 5kg Bag,28,1469,BTH2024100167,,INV-MET-00207,Event stock up
Victoria Island,Metro Wholesale Company,2024-10-18,Star Lager Beer 600ml,92,606,BTH2024100289,2025-04-18,INV-MET-00337,Regular restock
Victoria Island,Galaxy Beverages Distributors,2024-10-19,Hennessy VSOP 750ml,7,48854,,2029-08-19,INV-GAL-00129,Holiday preparation
Victoria Island,Premium Drinks Nigeria Ltd,2024-10-21,Moet Chandon Champagne 750ml,10,52964,BTH2024100185,2029-07-21,INV-PRE-00231,Weekend preparation
Victoria Island,Metro Wholesale Company,2024-10-21,Monster Energy Drink 500ml,16,1554,BTH2024100227,2025-12-21,,Promotional stock
Lekki,Premium Drinks Nigeria Ltd,2024-10-22,Star Lager Beer 600ml,50,568,,2025-06-22,INV-PRE-00046,
Victoria Island,Metro Wholesale Company,2024-10-22,Ice Cubes 5kg Bag,12,1164,BTH2024100072,,INV-MET-00089,Regular restock
Victoria Island,Metro Wholesale Company,2024-10-22,Sprite 350ml,115,372,BTH2024100078,2026-08-22,,
Lekki,Galaxy Beverages Distributors,2024-10-22,Chivas Regal 12 Year 750ml,22,15401,BTH2024100110,2028-12-22,,Monthly bulk order
Victoria Island,Continental Foods & Supplies,2024-10-22,Lime Fresh 1kg,27,1848,BTH2024100225,,,
Victoria Island,Metro Wholesale Company,2024-10-23,Johnnie Walker Black Label 750ml,9,17912,BTH2024100004,2029-05-23,INV-MET-00008,Emergency restock
Victoria Island,Premium Drinks Nigeria Ltd,2024-10-23,Cocktail Napkins Pack,24,905,BTH2024100198,,INV-PRE-00248,
Victoria Island,Metro Wholesale Company,2024-10-23,Patron Silver Tequila 750ml,13,39183,BTH2024100234,2028-06-23,INV-MET-00282,Weekend preparation
Lekki,Premium Drinks Nigeria Ltd,2024-10-23,Bacardi White Rum 750ml,9,11207,BTH2024100345,2028-04-23,INV-PRE-00398,Promotional stock
Lekki,Premium Drinks Nigeria Ltd,2024-10-25,Bacardi White Rum 750ml,5,8403,BTH2024100176,2028-11-25,INV-PRE-00219,Monthly bulk order
Lekki,Galaxy Beverages Distributors,2024-10-26,Coca Cola 350ml,34,353,BTH2024100101,2025-11-26,INV-GAL-00122,Holiday preparation
Lekki,Galaxy Beverages Distributors,2024-10-27,Bottled Water 500ml,65,183,BTH2024100216,2026-01-27,INV-GAL-00263,VIP event supplies
Lekki,Premium Drinks Nigeria Ltd,2024-10-27,Bottled Water 1.5L,173,308,BTH2024100230,2026-08-27,INV-PRE-00277,
Victoria Island,Continental Foods & Supplies,2024-10-28,Bombay Sapphire Gin 750ml,13,19812,BTH2024100250,2028-09-28,,VIP event supplies
Lekki,Galaxy Beverages Distributors,2024-10-30,Bottled Water 500ml,221,170,BTH2024100232,2026-03-30,INV-GAL-00278,Promotional stock
Lekki,Metro Wholesale Company,2024-11-04,Johnnie Walker Black Label 750ml,18,18834,BTH2024110247,2028-05-04,INV-MET-00300,
Lekki,Premium Drinks Nigeria Ltd,2024-11-05,Drinking Straws Pack 100,11,662,BTH2024110173,,INV-PRE-00216,Weekend preparation
Lekki,Continental Foods & Supplies,2024-11-05,Star Lager Beer 600ml,30,669,BTH2024110212,2025-05-05,INV-CON-00260,Holiday preparation
Victoria Island,Premium Drinks Nigeria Ltd,2024-11-06,Johnnie Walker Red Label 750ml,16,12737,BTH2024110067,2028-11-06,INV-PRE-00084,
Victoria Island,Galaxy Beverages Distributors,2024-11-07,Red Bull Energy Drink 250ml,8,1286,BTH2024110024,2026-05-07,,Event stock up
Lekki,Premium Drinks Nigeria Ltd,2024-11-08,Hennessy VS 750ml,20,26784,BTH2024110207,2028-11-08,INV-PRE-00253,
Victoria Island,Premium Drinks Nigeria Ltd,2024-11-10,Jose Cuervo Tequila 750ml,12,15347,,2029-07-10,INV-PRE-00399,Promotional stock
Victoria Island,Continental Foods & Supplies,2024-11-11,Ciroc Vodka 750ml,14,20136,BTH2024110075,2028-07-11,,
Victoria Island,Premium Drinks Nigeria Ltd,2024-11-11,Heineken Beer 330ml,29,1038,BTH2024110109,2025-07-11,INV-PRE-00133,
Lekki,Metro Wholesale Company,2024-11-12,Veuve Clicquot Champagne 750ml,7,56057,BTH2024110191,2029-03-12,INV-MET-00237,
Lekki,Metro Wholesale Company,2024-11-12,Grey Goose Vodka 750ml,8,23279,BTH2024110195,2029-08-12,,Emergency restock
Victoria Island,Galaxy Beverages Distributors,2024-11-12,Star Lager Beer 600ml,63,718,,2025-05-12,INV-GAL-00244,Weekend preparation
Lekki,Metro Wholesale Company,2024-11-13,Smirnoff Vodka 750ml,17,8233,BTH2024110165,2028-12-13,,Weekend preparation
Victoria Island,Premium Drinks Nigeria Ltd,2024-11-13,Bacardi White Rum 750ml,21,9369,,2027-11-13,INV-PRE-00387,Event stock up
Victoria Island,Premium Drinks Nigeria Ltd,2024-11-15,Chivas Regal 12 Year 750ml,7,18649,BTH2024110046,2028-08-15,INV-PRE-00056,Monthly bulk order
Victoria Island,Continental Foods & Supplies,2024-11-15,Veuve Clicquot Champagne 750ml,22,55255,BTH2024110163,2029-02-15,INV-CON-00204,Regular restock
Victoria Island,Premium Drinks Nigeria Ltd,2024-11-15,Grey Goose Vodka 750ml,11,26323,BTH2024110336,2028-11-15,,Event stock up
Lekki,Galaxy Beverages Distributors,2024-11-16,Patron Silver Tequila 750ml,12,38694,BTH2024110282,2028-10-16,,Holiday preparation
Lekki,Continental Foods & Supplies,2024-11-17,Chivas Regal 12 Year 750ml,18,17091,,2029-08-17,INV-CON-00273,Monthly bulk order
Victoria Island,Galaxy Beverages Distributors,2024-11-18,Hennessy VS 750ml,5,30531,,2028-03-18,INV-GAL-00258,
Lekki,Metro Wholesale Company,2024-11-18,Chivas Regal 12 Year 750ml,18,20596,,2028-04-18,INV-MET-00329,
Lekki,Continental Foods & Supplies,2024-11-19,Corona Beer 330ml,73,1285,BTH2024110139,2025-09-19,INV-CON-00180,
Victoria Island,Metro Wholesale Company,2024-11-19,Cranberry Juice 1L,16,2061,,2025-05-19,INV-MET-00184,Monthly bulk order
Lekki,Metro Wholesale Company,2024-11-19,Coca Cola 350ml,104,321,,2026-09-19,INV-MET-00241,
Victoria Island,Metro Wholesale Company,2024-11-20,Heineken Beer 330ml,93,1064,BTH2024110128,2025-06-20,INV-MET-00162,Regular restock
Lekki,Continental Foods & Supplies,2024-11-20,Chivas Regal 12 Year 750ml,3,16202,,2029-06-20,,Emergency restock
Lekki,Continental Foods & Supplies,2024-11-22,Red Bull Energy Drink 250ml,11,1413,BTH2024110196,2026-07-22,INV-CON-00245,Holiday preparation
Lekki,Premium Drinks Nigeria Ltd,2024-11-23,Monster Energy Drink 500ml,22,1692,BTH2024110265,2026-02-23,,Emergency restock
Lekki,Continental Foods & Supplies,2024-11-25,Ice Cubes 5kg Bag,27,1262,BTH2024110022,,INV-CON-00025,Monthly bulk order
Victoria Island,Continental Foods & Supplies,2024-11-25,Veuve Clicquot Champagne 750ml,16,56536,BTH2024110085,2028-08-25,INV-CON-00109,Holiday preparation
Victoria Island,Galaxy Beverages Distributors,2024-11-25,Patron Silver Tequila 750ml,22,41084,BTH2024110268,2029-05-25,INV-GAL-00320,Promotional stock
Victoria Island,Metro Wholesale Company,2024-11-27,Fanta Orange 350ml,47,374,BTH2024110175,2026-05-27,,
Lekki,Metro Wholesale Company,2024-11-27,Drinking Straws Pack 100,19,564,BTH2024110179,,INV-MET-00222,Weekend preparation
Lekki,Galaxy Beverages Distributors,2024-11-29,Ice Cubes 5kg Bag,39,1374,,,,VIP event supplies
Lekki,Continental Foods & Supplies,2024-11-30,Schweppes Tonic Water 330ml,20,558,BTH2024110278,2025-12-30,INV-CON-00325,
Victoria Island,Metro Wholesale Company,2024-12-01,Orange Juice 1L,10,2219,,2025-06-01,INV-MET-00045,Weekend preparation
Victoria Island,Galaxy Beverages Distributors,2024-12-01,Captain Morgan Spiced Rum 750ml,22,10907,BTH2024120192,2028-09-01,INV-GAL-00238,Holiday preparation
Lekki,Continental Foods & Supplies,2024-12-01,Captain Morgan Spiced Rum 750ml,15,12349,,2028-10-01,,Event stock up
Lekki,Premium Drinks Nigeria Ltd,2024-12-02,Monster Energy Drink 500ml,15,1465,BTH2024120145,2026-05-02,,Monthly bulk order
Lekki,Galaxy Beverages Distributors,2024-12-03,Bottled Water 500ml,120,185,BTH2024120113,2026-06-03,INV-GAL-00140,Emergency restock
Lekki,Continental Foods & Supplies,2024-12-04,Absolut Vodka 750ml,8,10077,,2029-05-04,INV-CON-00058,
Lekki,Premium Drinks Nigeria Ltd,2024-12-05,Drinking Straws Pack 100,31,720,BTH2024120266,,INV-PRE-00318,Monthly bulk order
Lekki,Metro Wholesale Company,2024-12-05,Bacardi White Rum 750ml,14,10787,,2028-01-05,INV-MET-00350,
Victoria Island,Premium Drinks Nigeria Ltd,2024-12-06,Budweiser Beer 330ml,78,677,,2025-06-06,INV-PRE-00271,Regular restock
Lekki,Metro Wholesale Company,2024-12-06,Heineken Beer 330ml,65,955,,2025-11-06,INV-MET-00354,
Victoria Island,Metro Wholesale Company,2024-12-08,Fanta Orange 350ml,61,359,BTH2024120187,2026-07-08,INV-MET-00233,Holiday preparation
Victoria Island,Premium Drinks Nigeria Ltd,2024-12-10,Fanta Orange 350ml,40,289,BTH2024120217,2026-09-10,INV-PRE-00264,Regular restock
Victoria Island,Premium Drinks Nigeria Ltd,2024-12-10,Schweppes Tonic Water 330ml,5,457,,2026-04-10,,Monthly bulk order
Lekki,Galaxy Beverages Distributors,2024-12-10,Guinness Stout 330ml,83,996,BTH2024120301,2025-10-10,,Monthly bulk order
Victoria Island,Metro Wholesale Company,2024-12-11,Schweppes Soda Water 330ml,7,420,BTH2024120181,2026-02-11,INV-MET-00224,Regular restock
Lekki,Metro Wholesale Company,2024-12-11,Johnnie Walker Red Label 750ml,17,12283,BTH2024120235,2029-06-11,INV-MET-00286,Event stock up
Victoria Island,Metro Wholesale Company,2024-12-12,Fanta Orange 350ml,28,299,BTH2024120130,2026-11-12,INV-MET-00165,Event stock up
Victoria Island,Metro Wholesale Company,2024-12-12,Bottled Water 1.5L,69,321,,2025-12-12,INV-MET-00269,
Lekki,Continental Foods & Supplies,2024-12-12,Pineapple Juice 1L,18,2035,BTH2024120297,2025-10-12,INV-CON-00345,
Victoria Island,Continental Foods & Supplies,2024-12-13,Monster Energy Drink 500ml,13,1568,BTH2024120097,2026-09-13,,
Victoria Island,Continental Foods & Supplies,2024-12-13,Jose Cuervo Tequila 750ml,14,15143,BTH2024120157,2028-04-13,INV-CON-00198,Event stock up
Victoria Island,Premium Drinks Nigeria Ltd,2024-12-13,Cocktail Napkins Pack,33,956,BTH2024120260,,INV-PRE-00312,Event stock up
Victoria Island,Premium Drinks Nigeria Ltd,2024-12-14,Chivas Regal 12 Year 750ml,17,19449,,2028-07-14,INV-PRE-00412,Promotional stock
Victoria Island,Metro Wholesale Company,2024-12-15,Schweppes Tonic Water 330ml,7,470,BTH2024120019,2025-12-15,,
Lekki,Continental Foods & Supplies,2024-12-15,Bombay Sapphire Gin 750ml,15,18024,BTH2024120138,2028-04-15,INV-CON-00179,Holiday preparation
Victoria Island,Galaxy Beverages Distributors,2024-12-15,Jose Cuervo Tequila 750ml,11,15781,,2028-06-15,,Promotional stock
Lekki,Continental Foods & Supplies,2024-12-17,Fanta Orange 350ml,114,349,,2026-05-17,INV-CON-00148,
Victoria Island,Metro Wholesale Company,2024-12-17,Schweppes Soda Water 330ml,20,419,BTH2024120140,2026-01-17,INV-MET-00181,
Lekki,Premium Drinks Nigeria Ltd,2024-12-17,Jack Daniels 750ml,11,15116,BTH2024120298,2028-11-17,INV-PRE-00346,Emergency restock
Lekki,Metro Wholesale Company,2024-12-17,Johnnie Walker Black Label 750ml,12,20920,,2028-10-17,,Holiday preparation
Lekki,Premium Drinks Nigeria Ltd,2024-12-17,Captain Morgan Spiced Rum 750ml,21,11910,BTH2024120311,2028-11-17,INV-PRE-00361,Weekend preparation
Lekki,Galaxy Beverages Distributors,2024-12-17,Cocktail Napkins Pack,21,862,BTH2024120347,,INV-GAL-00402,
Victoria Island,Continental Foods & Supplies,2024-12-18,Fanta Orange 350ml,108,337,,2026-06-18,,Weekend preparation
Victoria Island,Metro Wholesale Company,2024-12-19,Ciroc Vodka 750ml,3,21422,,2029-05-19,,Monthly bulk order
Lekki,Premium Drinks Nigeria Ltd,2024-12-19,Jack Daniels 750ml,20,15316,BTH2024120238,2029-10-19,INV-PRE-00289,
Lekki,Continental Foods & Supplies,2024-12-20,Johnnie Walker Black Label 750ml,3,18526,BTH2024120290,2029-08-20,INV-CON-00338,VIP event supplies
Lekki,Continental Foods & Supplies,2024-12-21,Johnnie Walker Red Label 750ml,19,13488,,2029-07-21,INV-CON-00171,Emergency restock
Lekki,Premium Drinks Nigeria Ltd,2024-12-21,Fanta Orange 350ml,28,290,BTH2024120161,2026-07-21,INV-PRE-00202,VIP event supplies
Lekki,Premium Drinks Nigeria Ltd,2024-12-23,Coca Cola 350ml,69,366,BTH2024120049,2026-11-23,INV-PRE-00062,Holiday preparation
Victoria Island,Continental Foods & Supplies,2024-12-24,Orange Juice 1L,22,1819,,2025-10-24,INV-CON-00054,VIP event supplies
Lekki,Premium Drinks Nigeria Ltd,2024-12-24,Gordon's Gin 750ml,8,8493,BTH2024120286,2029-07-24,INV-PRE-00334,Emergency restock
Victoria Island,Continental Foods & Supplies,2024-12-24,Bottled Water 500ml,220,218,BTH2024120294,2026-09-24,INV-CON-00341,Monthly bulk order
Lekki,Premium Drinks Nigeria Ltd,2024-12-25,Cocktail Napkins Pack,13,1033,BTH2024120061,,INV-PRE-00075,Emergency restock
Lekki,Continental Foods & Supplies,2024-12-25,Ciroc Vodka 750ml,18,25778,BTH2024120098,2029-06-25,INV-CON-00120,
Lekki,Metro Wholesale Company,2024-12-25,Cranberry Juice 1L,7,2605,BTH2024120154,2025-10-25,INV-MET-00195,Monthly bulk order
Lekki,Continental Foods & Supplies,2024-12-25,Red Bull Energy Drink 250ml,12,1403,BTH2024120342,2026-08-25,,
Lekki,Metro Wholesale Company,2024-12-26,Hennessy VSOP 750ml,10,47046,,2029-06-26,INV-MET-00141,Promotional stock
Lekki,Galaxy Beverages Distributors,2024-12-28,Ice Cubes 5kg Bag,37,1303,BTH2024120146,,INV-GAL-00187,Emergency restock
Lekki,Continental Foods & Supplies,2024-12-28,Ice Cubes 5kg Bag,31,1173,BTH2024120220,,INV-CON-00266,VIP event supplies
Victoria Island,Galaxy Beverages Distributors,2024-12-29,Smirnoff Vodka 750ml,14,7496,BTH2024120100,2028-04-29,,
Lekki,Continental Foods & Supplies,2024-12-29,Guinness Stout 330ml,98,1098,,2025-09-29,INV-CON-00367,Regular restock
Victoria Island,Galaxy Beverages Distributors,2024-12-29,Bottled Water 500ml,160,182,,2026-09-29,INV-GAL-00408,Monthly bulk order
Lekki,Premium Drinks Nigeria Ltd,2024-12-30,Veuve Clicquot Champagne 750ml,8,69936,,2029-11-30,INV-PRE-00209,Emergency restock
